﻿Nome;Exercício 1;Exercício 2;Exercício 3;Exercício 4;Exercício 5;Media;Situacao
Aluno_1;6;13;15;20;13;13.4;Aprovado
Aluno_2;19;18;5;19;17;15.6;Aprovado
Aluno_3;14;10;6;19;13;12.4;Aprovado
Aluno_5;7;13;8;10;20;11.6;Aprovado
Aluno_6;20;12;10;12;13;13.4;Aprovado
Aluno_8;18;7;20;3;14;12.4;Aprovado
Aluno_10;10;18;17;8;18;14.2;Aprovado
Aluno_11;20;11;3;12;19;13.0;Aprovado
Aluno_14;2;20;16;9;7;10.8;Aprovado
Aluno_15;20;12;2;12;5;10.2;Aprovado
Aluno_16;1;11;15;6;19;10.4;Aprovado
Aluno_17;11;15;4;18;14;12.4;Aprovado
Aluno_20;20;6;19;12;14;14.2;Aprovado
Aluno_22;11;7;2;20;16;11.2;Aprovado
Aluno_23;11;13;19;1;18;12.4;Aprovado
Aluno_24;16;12;13;9;10;12.0;Aprovado
Aluno_25;9;14;15;12;15;13.0;Aprovado
Aluno_26;15;16;16;8;4;11.8;Aprovado
Aluno_27;14;14;19;0;4;10.2;Aprovado
Aluno_28;14;19;17;13;13;15.2;Aprovado
Aluno_29;18;17;17;15;17;16.8;Aprovado
Aluno_30;11;17;13;19;7;13.4;Aprovado
Aluno_31;19;1;17;14;4;11.0;Aprovado
Aluno_33;4;0;14;16;15;9.8;Aprovado
Aluno_34;18;3;5;12;13;10.2;Aprovado
Aluno_35;6;17;14;14;4;11.0;Aprovado
Aluno_36;20;4;17;15;8;12.8;Aprovado
Aluno_39;17;7;14;16;15;13.8;Aprovado
Aluno_40;3;19;2;10;16;10.0;Aprovado
Aluno_41;13;16;14;7;14;12.8;Aprovado
Aluno_42;17;0;12;19;3;10.2;Aprovado
Aluno_44;20;18;1;11;15;13.0;Aprovado
Aluno_46;19;8;19;15;5;13.2;Aprovado
Aluno_47;14;6;16;13;4;10.6;Aprovado
Aluno_48;6;1;12;15;15;9.8;Aprovado
Aluno_49;11;8;0;20;15;10.8;Aprovado
Aluno_52;2;18;11;16;3;10.0;Aprovado
Aluno_53;13;10;13;18;13;13.4;Aprovado
Aluno_55;3;9;17;11;11;10.2;Aprovado
Aluno_56;17;13;6;14;9;11.8;Aprovado
Aluno_57;7;17;5;17;3;9.8;Aprovado
Aluno_58;3;18;13;13;17;12.8;Aprovado
Aluno_61;9;2;16;14;13;10.8;Aprovado
Aluno_62;3;19;4;6;17;9.8;Aprovado
Aluno_63;17;5;13;14;0;9.8;Aprovado
Aluno_64;11;20;19;19;20;17.8;Aprovado
Aluno_66;9;5;20;13;14;12.2;Aprovado
Aluno_68;13;15;4;13;5;10.0;Aprovado
Aluno_69;15;7;15;11;5;10.6;Aprovado
Aluno_71;7;16;16;19;15;14.6;Aprovado
Aluno_72;13;8;10;18;11;12.0;Aprovado
Aluno_74;20;2;15;19;0;11.2;Aprovado
Aluno_77;17;12;20;13;20;16.4;Aprovado
Aluno_78;14;14;6;8;7;9.8;Aprovado
Aluno_81;8;16;16;7;11;11.6;Aprovado
Aluno_82;14;5;6;15;16;11.2;Aprovado
Aluno_83;12;20;4;15;6;11.4;Aprovado
Aluno_85;6;17;19;19;3;12.8;Aprovado
Aluno_90;10;20;7;13;9;11.8;Aprovado
Aluno_91;18;5;8;3;19;10.6;Aprovado
Aluno_92;16;11;4;17;20;13.6;Aprovado
Aluno_97;4;14;3;9;19;9.8;Aprovado
Aluno_98;9;8;1;16;17;10.2;Aprovado
Aluno_102;8;3;17;10;17;11.0;Aprovado
Aluno_107;15;6;3;14;18;11.2;Aprovado
Aluno_109;2;4;17;14;17;10.8;Aprovado
Aluno_112;2;14;9;19;7;10.2;Aprovado
Aluno_116;14;17;15;8;15;13.8;Aprovado
Aluno_120;4;10;16;15;4;9.8;Aprovado
Aluno_121;13;16;12;8;20;13.8;Aprovado
Aluno_122;6;16;17;12;5;11.2;Aprovado
Aluno_124;14;4;16;19;5;11.6;Aprovado
Aluno_125;14;7;4;16;13;10.8;Aprovado
Aluno_128;18;19;9;0;8;10.8;Aprovado
Aluno_129;6;11;16;17;2;10.4;Aprovado
Aluno_130;16;5;14;18;15;13.6;Aprovado
Aluno_131;19;0;17;8;10;10.8;Aprovado
Aluno_134;6;12;3;12;20;10.6;Aprovado
Aluno_135;12;17;2;14;15;12.0;Aprovado
Aluno_136;14;4;6;10;18;10.4;Aprovado
Aluno_137;10;2;17;11;15;11.0;Aprovado
Aluno_141;18;13;5;3;20;11.8;Aprovado
Aluno_144;12;18;13;9;7;11.8;Aprovado
Aluno_145;20;17;16;3;16;14.4;Aprovado
Aluno_146;5;5;19;19;9;11.4;Aprovado
Aluno_147;11;14;17;8;6;11.2;Aprovado
Aluno_148;11;20;10;12;18;14.2;Aprovado
Aluno_149;19;9;20;11;5;12.8;Aprovado
Aluno_150;10;4;13;10;20;11.4;Aprovado
Aluno_152;0;9;14;17;17;11.4;Aprovado
Aluno_155;12;5;18;4;13;10.4;Aprovado
Aluno_156;8;3;18;19;20;13.6;Aprovado
Aluno_158;6;8;19;20;15;13.6;Aprovado
Aluno_161;8;14;0;17;9;9.6;Aprovado
Aluno_162;4;19;16;2;14;11.0;Aprovado
Aluno_163;0;16;16;19;7;11.6;Aprovado
Aluno_164;18;12;14;16;12;14.4;Aprovado
Aluno_165;9;15;6;13;11;10.8;Aprovado
Aluno_167;14;4;2;16;14;10.0;Aprovado
Aluno_169;19;8;19;4;10;12.0;Aprovado
Aluno_170;16;16;18;4;18;14.4;Aprovado
Aluno_171;16;12;8;8;13;11.4;Aprovado
Aluno_172;19;1;9;2;17;9.6;Aprovado
Aluno_173;11;12;1;18;12;10.8;Aprovado
Aluno_175;1;18;15;17;16;13.4;Aprovado
Aluno_176;2;2;17;15;18;10.8;Aprovado
Aluno_177;16;9;16;0;8;9.8;Aprovado
Aluno_179;16;12;13;13;0;10.8;Aprovado
Aluno_180;16;18;14;13;6;13.4;Aprovado
Aluno_181;16;16;13;0;6;10.2;Aprovado
Aluno_182;1;20;2;15;19;11.4;Aprovado
Aluno_183;1;13;18;14;6;10.4;Aprovado
Aluno_187;18;10;17;13;12;14.0;Aprovado
Aluno_189;20;3;19;14;17;14.6;Aprovado
Aluno_190;11;18;20;18;6;14.6;Aprovado
Aluno_194;16;14;18;9;6;12.6;Aprovado
Aluno_196;4;10;20;16;3;10.6;Aprovado
Aluno_197;19;3;20;7;15;12.8;Aprovado
Aluno_198;1;18;15;3;18;11.0;Aprovado
Aluno_199;5;16;11;13;9;10.8;Aprovado
Aluno_201;15;17;15;9;2;11.6;Aprovado
Aluno_205;5;6;10;16;16;10.6;Aprovado
Aluno_206;15;20;16;16;20;17.4;Aprovado
Aluno_208;19;4;11;19;20;14.6;Aprovado
Aluno_209;3;16;20;14;5;11.6;Aprovado
Aluno_210;18;4;6;12;11;10.2;Aprovado
Aluno_212;18;18;14;18;16;16.8;Aprovado
Aluno_213;19;20;1;12;16;13.6;Aprovado
Aluno_215;19;10;12;14;6;12.2;Aprovado
Aluno_219;6;20;15;19;1;12.2;Aprovado
Aluno_220;17;10;6;0;15;9.6;Aprovado
Aluno_221;7;6;18;16;5;10.4;Aprovado
Aluno_223;10;16;9;9;12;11.2;Aprovado
Aluno_224;17;19;17;4;6;12.6;Aprovado
Aluno_225;9;8;16;17;4;10.8;Aprovado
Aluno_229;15;16;8;16;12;13.4;Aprovado
Aluno_230;19;18;19;5;20;16.2;Aprovado
Aluno_231;16;18;0;7;20;12.2;Aprovado
Aluno_232;1;15;14;11;15;11.2;Aprovado
Aluno_233;0;11;20;20;19;14.0;Aprovado
Aluno_235;11;19;18;11;4;12.6;Aprovado
Aluno_236;4;5;17;9;17;10.4;Aprovado
Aluno_238;8;5;12;14;10;9.8;Aprovado
Aluno_241;18;14;6;9;15;12.4;Aprovado
Aluno_242;15;10;14;9;12;12.0;Aprovado
Aluno_243;15;18;11;15;4;12.6;Aprovado
Aluno_245;19;16;14;4;15;13.6;Aprovado
Aluno_247;19;20;12;17;15;16.6;Aprovado
Aluno_248;10;13;4;10;13;10.0;Aprovado
Aluno_249;16;17;1;14;5;10.6;Aprovado
Aluno_251;3;14;15;19;13;12.8;Aprovado
Aluno_253;7;3;15;11;19;11.0;Aprovado
Aluno_254;19;6;13;3;12;10.6;Aprovado
Aluno_256;15;2;14;8;11;10.0;Aprovado
Aluno_258;17;8;1;9;17;10.4;Aprovado
Aluno_259;13;7;0;12;20;10.4;Aprovado
Aluno_260;17;19;8;7;13;12.8;Aprovado
Aluno_261;1;12;8;11;19;10.2;Aprovado
Aluno_264;8;16;17;15;7;12.6;Aprovado
Aluno_267;3;18;8;10;20;11.8;Aprovado
Aluno_270;20;4;19;17;17;15.4;Aprovado
Aluno_271;15;12;5;7;9;9.6;Aprovado
Aluno_272;19;14;6;5;20;12.8;Aprovado
Aluno_278;15;9;16;6;16;12.4;Aprovado
Aluno_280;18;20;9;12;18;15.4;Aprovado
Aluno_281;13;15;18;2;12;12.0;Aprovado
Aluno_284;12;8;18;20;12;14.0;Aprovado
Aluno_285;18;2;11;19;15;13.0;Aprovado
Aluno_288;20;18;14;14;15;16.2;Aprovado
Aluno_290;14;7;13;12;5;10.2;Aprovado
Aluno_291;0;16;17;20;10;12.6;Aprovado
Aluno_294;18;6;17;18;15;14.8;Aprovado
Aluno_296;2;0;12;20;18;10.4;Aprovado
Aluno_299;11;0;10;13;17;10.2;Aprovado
Aluno_300;13;14;9;18;12;13.2;Aprovado
Aluno_301;20;4;4;10;14;10.4;Aprovado
Aluno_302;5;12;15;14;2;9.6;Aprovado
Aluno_304;8;7;20;19;8;12.4;Aprovado
Aluno_306;16;8;8;4;15;10.2;Aprovado
Aluno_311;19;7;16;18;6;13.2;Aprovado
Aluno_312;20;8;4;8;19;11.8;Aprovado
Aluno_314;2;13;8;5;20;9.6;Aprovado
Aluno_315;17;13;3;13;7;10.6;Aprovado
Aluno_317;2;5;16;10;19;10.4;Aprovado
Aluno_318;7;10;20;11;14;12.4;Aprovado
Aluno_319;13;2;17;18;4;10.8;Aprovado
Aluno_320;17;7;15;18;12;13.8;Aprovado
Aluno_321;14;2;7;20;5;9.6;Aprovado
Aluno_323;9;12;20;12;16;13.8;Aprovado
Aluno_324;1;12;20;13;6;10.4;Aprovado
Aluno_325;16;1;17;17;5;11.2;Aprovado
Aluno_329;10;15;17;16;20;15.6;Aprovado
Aluno_332;9;16;19;12;17;14.6;Aprovado
Aluno_334;17;9;12;9;13;12.0;Aprovado
Aluno_335;12;15;17;2;11;11.4;Aprovado
Aluno_336;6;5;16;14;16;11.4;Aprovado
Aluno_338;12;1;13;16;13;11.0;Aprovado
Aluno_339;19;12;16;5;5;11.4;Aprovado
Aluno_342;13;6;19;17;13;13.6;Aprovado
Aluno_343;15;2;14;0;17;9.6;Aprovado
Aluno_347;14;20;12;3;4;10.6;Aprovado
Aluno_350;18;16;4;18;12;13.6;Aprovado
Aluno_351;16;8;18;14;15;14.2;Aprovado
Aluno_352;19;20;19;7;17;16.4;Aprovado
Aluno_353;9;12;13;5;16;11.0;Aprovado
Aluno_354;5;20;16;17;16;14.8;Aprovado
Aluno_355;14;18;17;18;10;15.4;Aprovado
Aluno_356;10;20;20;14;19;16.6;Aprovado
Aluno_360;20;9;9;13;16;13.4;Aprovado
Aluno_361;11;3;18;16;19;13.4;Aprovado
Aluno_362;11;7;16;8;9;10.2;Aprovado
Aluno_363;4;19;11;18;12;12.8;Aprovado
Aluno_365;3;17;11;6;14;10.2;Aprovado
Aluno_366;5;13;16;18;6;11.6;Aprovado
Aluno_367;12;17;2;19;20;14.0;Aprovado
Aluno_368;19;13;10;6;12;12.0;Aprovado
Aluno_369;14;19;16;1;11;12.2;Aprovado
Aluno_370;2;20;2;15;11;10.0;Aprovado
Aluno_372;19;3;19;7;4;10.4;Aprovado
Aluno_374;12;7;20;5;19;12.6;Aprovado
Aluno_375;17;17;6;8;12;12.0;Aprovado
Aluno_377;18;13;13;10;10;12.8;Aprovado
Aluno_379;18;17;15;16;0;13.2;Aprovado
Aluno_381;20;10;16;6;10;12.4;Aprovado
Aluno_383;11;11;15;14;13;12.8;Aprovado
Aluno_384;20;16;15;13;8;14.4;Aprovado
Aluno_387;14;17;5;12;2;10.0;Aprovado
Aluno_389;15;16;19;9;3;12.4;Aprovado
Aluno_390;7;17;15;3;6;9.6;Aprovado
Aluno_391;12;7;6;16;11;10.4;Aprovado
Aluno_392;20;8;8;13;17;13.2;Aprovado
Aluno_394;15;4;10;10;9;9.6;Aprovado
Aluno_395;6;11;13;15;11;11.2;Aprovado
Aluno_398;11;10;12;9;14;11.2;Aprovado
Aluno_399;15;18;19;8;0;12.0;Aprovado
Aluno_401;4;1;19;13;17;10.8;Aprovado
Aluno_402;13;11;3;14;17;11.6;Aprovado
Aluno_405;16;17;13;15;0;12.2;Aprovado
Aluno_406;13;14;11;6;9;10.6;Aprovado
Aluno_407;19;18;16;3;19;15.0;Aprovado
Aluno_408;4;12;11;17;9;10.6;Aprovado
Aluno_409;11;18;11;4;4;9.6;Aprovado
Aluno_410;15;16;0;5;17;10.6;Aprovado
Aluno_411;15;5;12;6;20;11.6;Aprovado
Aluno_412;20;15;13;14;14;15.2;Aprovado
Aluno_416;4;16;15;10;11;11.2;Aprovado
Aluno_417;9;0;3;17;20;9.8;Aprovado
Aluno_421;19;20;8;16;7;14.0;Aprovado
Aluno_423;18;12;12;14;14;14.0;Aprovado
Aluno_424;0;4;16;15;17;10.4;Aprovado
Aluno_428;15;16;19;10;0;12.0;Aprovado
Aluno_429;15;3;13;10;11;10.4;Aprovado
Aluno_432;19;20;7;5;17;13.6;Aprovado
Aluno_433;11;19;1;12;14;11.4;Aprovado
Aluno_434;17;18;3;4;16;11.6;Aprovado
Aluno_435;2;18;13;14;9;11.2;Aprovado
Aluno_437;0;4;18;19;20;12.2;Aprovado
Aluno_438;18;9;1;13;15;11.2;Aprovado
Aluno_439;10;16;11;14;5;11.2;Aprovado
Aluno_445;7;14;11;15;17;12.8;Aprovado
Aluno_446;9;15;19;9;3;11.0;Aprovado
Aluno_447;10;17;20;17;7;14.2;Aprovado
Aluno_448;11;13;18;16;12;14.0;Aprovado
Aluno_449;12;2;7;20;9;10.0;Aprovado
Aluno_453;18;8;5;14;15;12.0;Aprovado
Aluno_454;17;12;19;0;17;13.0;Aprovado
Aluno_455;2;17;20;5;16;12.0;Aprovado
Aluno_460;18;15;4;16;9;12.4;Aprovado
Aluno_461;8;8;10;15;10;10.2;Aprovado
Aluno_464;20;10;4;14;8;11.2;Aprovado
Aluno_471;9;8;16;9;14;11.2;Aprovado
Aluno_472;4;7;20;9;17;11.4;Aprovado
Aluno_474;2;3;20;16;18;11.8;Aprovado
Aluno_475;16;17;10;18;19;16.0;Aprovado
Aluno_477;15;5;7;17;7;10.2;Aprovado
Aluno_479;17;11;2;8;12;10.0;Aprovado
Aluno_480;16;20;13;16;20;17.0;Aprovado
Aluno_481;6;7;13;13;10;9.8;Aprovado
Aluno_484;16;20;5;16;16;14.6;Aprovado
Aluno_485;12;10;11;11;4;9.6;Aprovado
Aluno_488;16;16;8;2;20;12.4;Aprovado
Aluno_489;16;9;9;10;14;11.6;Aprovado
Aluno_490;19;20;16;17;18;18.0;Aprovado
Aluno_491;15;11;16;3;15;12.0;Aprovado
Aluno_492;12;14;2;16;12;11.2;Aprovado
Aluno_493;18;20;18;17;4;15.4;Aprovado
Aluno_496;11;12;6;9;18;11.2;Aprovado
Aluno_499;11;1;12;15;16;11.0;Aprovado
Aluno_501;6;3;9;19;12;9.8;Aprovado
Aluno_502;13;13;20;5;7;11.6;Aprovado
Aluno_503;19;9;3;15;18;12.8;Aprovado
Aluno_506;15;14;18;8;14;13.8;Aprovado
Aluno_508;4;16;11;16;10;11.4;Aprovado
Aluno_509;2;11;16;14;12;11.0;Aprovado
Aluno_510;11;19;9;18;9;13.2;Aprovado
Aluno_514;20;0;18;8;5;10.2;Aprovado
Aluno_515;15;19;10;12;12;13.6;Aprovado
Aluno_517;12;14;8;20;18;14.4;Aprovado
Aluno_518;20;16;1;13;7;11.4;Aprovado
Aluno_519;9;7;7;20;17;12.0;Aprovado
Aluno_521;13;20;20;15;16;16.8;Aprovado
Aluno_524;10;8;20;19;1;11.6;Aprovado
Aluno_525;10;1;19;10;11;10.2;Aprovado
Aluno_526;17;4;15;15;5;11.2;Aprovado
Aluno_529;8;20;9;16;2;11.0;Aprovado
Aluno_530;9;0;11;12;16;9.6;Aprovado
Aluno_532;16;19;15;2;20;14.4;Aprovado
Aluno_535;13;15;20;20;7;15.0;Aprovado
Aluno_536;12;10;11;10;11;10.8;Aprovado
Aluno_537;7;20;17;15;13;14.4;Aprovado
Aluno_538;9;3;6;18;15;10.2;Aprovado
Aluno_539;8;12;19;4;9;10.4;Aprovado
Aluno_540;17;6;6;13;14;11.2;Aprovado
Aluno_541;1;3;8;16;20;9.6;Aprovado
Aluno_544;5;8;5;15;20;10.6;Aprovado
Aluno_545;18;10;11;15;6;12.0;Aprovado
Aluno_549;0;12;16;16;20;12.8;Aprovado
Aluno_550;19;3;18;12;8;12.0;Aprovado
Aluno_551;16;7;17;0;9;9.8;Aprovado
Aluno_556;5;12;20;1;13;10.2;Aprovado
Aluno_557;18;14;5;16;9;12.4;Aprovado
Aluno_558;11;11;20;7;12;12.2;Aprovado
Aluno_561;18;8;17;8;18;13.8;Aprovado
Aluno_562;6;4;19;12;18;11.8;Aprovado
Aluno_564;12;17;15;15;12;14.2;Aprovado
Aluno_565;12;10;9;15;18;12.8;Aprovado
Aluno_566;17;14;9;1;12;10.6;Aprovado
Aluno_567;19;8;13;9;20;13.8;Aprovado
Aluno_568;7;16;19;11;3;11.2;Aprovado
Aluno_573;12;12;19;16;19;15.6;Aprovado
Aluno_574;16;18;7;6;17;12.8;Aprovado
Aluno_576;5;12;7;19;16;11.8;Aprovado
Aluno_577;20;20;0;12;3;11.0;Aprovado
Aluno_578;5;7;20;18;13;12.6;Aprovado
Aluno_580;12;3;17;8;12;10.4;Aprovado
Aluno_581;12;14;14;18;2;12.0;Aprovado
Aluno_582;14;10;0;12;17;10.6;Aprovado
Aluno_583;20;10;4;7;13;10.8;Aprovado
Aluno_585;20;16;19;1;2;11.6;Aprovado
Aluno_587;4;19;18;17;16;14.8;Aprovado
Aluno_590;18;8;13;13;2;10.8;Aprovado
Aluno_591;19;13;7;15;12;13.2;Aprovado
Aluno_592;17;17;11;10;14;13.8;Aprovado
Aluno_593;14;16;20;0;17;13.4;Aprovado
Aluno_594;8;17;9;6;13;10.6;Aprovado
Aluno_595;16;4;19;15;20;14.8;Aprovado
Aluno_596;13;19;16;13;2;12.6;Aprovado
Aluno_597;14;19;10;14;18;15.0;Aprovado
Aluno_599;20;10;3;20;3;11.2;Aprovado
Aluno_601;15;17;14;15;18;15.8;Aprovado
Aluno_602;10;5;12;18;10;11.0;Aprovado
Aluno_605;15;20;9;10;14;13.6;Aprovado
Aluno_606;7;13;18;16;0;10.8;Aprovado
Aluno_608;11;5;4;17;20;11.4;Aprovado
Aluno_609;20;5;18;16;19;15.6;Aprovado
Aluno_610;7;17;15;11;19;13.8;Aprovado
Aluno_612;7;9;11;10;13;10.0;Aprovado
Aluno_613;17;13;1;3;15;9.8;Aprovado
Aluno_614;4;12;20;3;13;10.4;Aprovado
Aluno_616;3;5;17;16;16;11.4;Aprovado
Aluno_617;16;7;15;6;13;11.4;Aprovado
Aluno_619;0;12;12;12;13;9.8;Aprovado
Aluno_620;20;10;18;11;17;15.2;Aprovado
Aluno_622;12;0;7;20;16;11.0;Aprovado
Aluno_623;15;16;11;18;5;13.0;Aprovado
Aluno_624;12;15;1;20;7;11.0;Aprovado
Aluno_625;13;10;10;19;12;12.8;Aprovado
Aluno_626;2;12;11;17;17;11.8;Aprovado
Aluno_627;5;17;17;10;4;10.6;Aprovado
Aluno_628;17;10;12;19;5;12.6;Aprovado
Aluno_629;18;11;4;2;20;11.0;Aprovado
Aluno_630;4;5;11;16;18;10.8;Aprovado
Aluno_634;17;2;11;14;10;10.8;Aprovado
Aluno_635;12;15;15;4;11;11.4;Aprovado
Aluno_637;0;10;8;20;12;10.0;Aprovado
Aluno_639;17;17;4;18;17;14.6;Aprovado
Aluno_640;14;18;12;20;15;15.8;Aprovado
Aluno_642;10;17;10;14;7;11.6;Aprovado
Aluno_643;20;5;9;16;13;12.6;Aprovado
Aluno_644;16;3;19;11;4;10.6;Aprovado
Aluno_647;1;1;20;14;15;10.2;Aprovado
Aluno_648;8;16;13;9;3;9.8;Aprovado
Aluno_649;2;10;17;17;11;11.4;Aprovado
Aluno_651;20;20;9;2;2;10.6;Aprovado
Aluno_652;15;15;6;20;11;13.4;Aprovado
Aluno_656;4;12;15;2;17;10.0;Aprovado
Aluno_658;2;7;20;18;10;11.4;Aprovado
Aluno_664;9;16;4;17;3;9.8;Aprovado
Aluno_665;18;19;20;0;11;13.6;Aprovado
Aluno_666;16;17;15;15;11;14.8;Aprovado
Aluno_667;20;11;12;2;20;13.0;Aprovado
Aluno_668;13;8;12;20;15;13.6;Aprovado
Aluno_673;12;9;15;10;6;10.4;Aprovado
Aluno_674;12;10;3;20;11;11.2;Aprovado
Aluno_677;16;7;20;5;3;10.2;Aprovado
Aluno_680;7;15;11;14;11;11.6;Aprovado
Aluno_684;17;12;8;18;11;13.2;Aprovado
Aluno_685;11;12;11;13;18;13.0;Aprovado
Aluno_689;16;1;4;13;15;9.8;Aprovado
Aluno_690;15;18;1;11;8;10.6;Aprovado
Aluno_691;14;0;13;15;20;12.4;Aprovado
Aluno_693;4;16;12;12;8;10.4;Aprovado
Aluno_695;13;19;9;16;8;13.0;Aprovado
Aluno_696;1;19;12;11;14;11.4;Aprovado
Aluno_697;10;20;15;18;1;12.8;Aprovado
Aluno_698;18;2;13;5;10;9.6;Aprovado
Aluno_703;17;16;20;5;19;15.4;Aprovado
Aluno_705;17;12;6;15;2;10.4;Aprovado
Aluno_706;14;19;8;13;7;12.2;Aprovado
Aluno_707;18;19;7;0;17;12.2;Aprovado
Aluno_708;1;20;4;12;16;10.6;Aprovado
Aluno_709;19;17;18;19;10;16.6;Aprovado
Aluno_712;14;17;14;8;18;14.2;Aprovado
Aluno_714;18;12;14;2;17;12.6;Aprovado
Aluno_715;16;19;4;17;7;12.6;Aprovado
Aluno_716;4;19;18;19;13;14.6;Aprovado
Aluno_718;9;10;9;16;20;12.8;Aprovado
Aluno_719;16;8;11;18;3;11.2;Aprovado
Aluno_720;9;8;3;12;16;9.6;Aprovado
Aluno_721;16;4;17;12;4;10.6;Aprovado
Aluno_726;20;8;1;2;17;9.6;Aprovado
Aluno_730;10;18;8;20;20;15.2;Aprovado
Aluno_731;15;20;20;6;7;13.6;Aprovado
Aluno_733;18;11;10;4;16;11.8;Aprovado
Aluno_734;14;18;2;16;8;11.6;Aprovado
Aluno_735;15;18;1;7;19;12.0;Aprovado
Aluno_736;10;12;8;14;12;11.2;Aprovado
Aluno_737;15;6;13;19;1;10.8;Aprovado
Aluno_740;7;7;12;4;19;9.8;Aprovado
Aluno_746;18;19;19;3;0;11.8;Aprovado
Aluno_747;20;14;4;6;13;11.4;Aprovado
Aluno_749;17;19;9;0;3;9.6;Aprovado
Aluno_751;20;7;6;19;13;13.0;Aprovado
Aluno_753;0;15;15;20;9;11.8;Aprovado
Aluno_755;8;15;13;17;6;11.8;Aprovado
Aluno_756;11;6;9;19;9;10.8;Aprovado
Aluno_757;13;13;6;9;12;10.6;Aprovado
Aluno_760;13;14;3;9;10;9.8;Aprovado
Aluno_763;14;0;3;18;17;10.4;Aprovado
Aluno_766;15;7;16;18;4;12.0;Aprovado
Aluno_773;19;16;10;17;14;15.2;Aprovado
Aluno_774;14;20;1;8;9;10.4;Aprovado
Aluno_775;14;19;16;12;20;16.2;Aprovado
Aluno_776;13;12;15;1;15;11.2;Aprovado
Aluno_777;13;4;14;6;14;10.2;Aprovado
Aluno_778;1;20;12;15;18;13.2;Aprovado
Aluno_779;12;8;14;20;19;14.6;Aprovado
Aluno_780;13;5;3;18;18;11.4;Aprovado
Aluno_781;18;4;15;14;17;13.6;Aprovado
Aluno_785;13;6;16;6;15;11.2;Aprovado
Aluno_786;10;5;17;19;1;10.4;Aprovado
Aluno_787;14;20;17;7;14;14.4;Aprovado
Aluno_788;12;19;16;9;6;12.4;Aprovado
Aluno_790;5;18;20;8;4;11.0;Aprovado
Aluno_792;18;3;11;1;20;10.6;Aprovado
Aluno_793;14;11;20;18;3;13.2;Aprovado
Aluno_794;4;5;19;13;13;10.8;Aprovado
Aluno_795;9;18;14;19;12;14.4;Aprovado
Aluno_797;16;14;4;8;15;11.4;Aprovado
Aluno_798;6;8;20;9;8;10.2;Aprovado
Aluno_799;11;4;14;5;15;9.8;Aprovado
Aluno_800;16;12;16;16;18;15.6;Aprovado
Aluno_801;12;17;17;5;14;13.0;Aprovado
Aluno_803;3;15;12;19;19;13.6;Aprovado
Aluno_804;9;18;18;2;9;11.2;Aprovado
Aluno_805;2;13;12;18;20;13.0;Aprovado
Aluno_806;8;15;17;17;11;13.6;Aprovado
Aluno_808;17;3;3;7;20;10.0;Aprovado
Aluno_809;14;6;3;16;16;11.0;Aprovado
Aluno_810;3;15;19;4;8;9.8;Aprovado
Aluno_811;14;20;19;12;18;16.6;Aprovado
Aluno_812;1;20;18;0;17;11.2;Aprovado
Aluno_813;14;7;12;12;6;10.2;Aprovado
Aluno_815;7;15;6;13;20;12.2;Aprovado
Aluno_816;16;9;11;2;11;9.8;Aprovado
Aluno_817;11;9;20;4;6;10.0;Aprovado
Aluno_820;8;16;1;11;14;10.0;Aprovado
Aluno_822;5;9;9;7;20;10.0;Aprovado
Aluno_823;19;16;9;5;13;12.4;Aprovado
Aluno_825;12;15;12;18;7;12.8;Aprovado
Aluno_826;5;19;6;19;12;12.2;Aprovado
Aluno_831;5;16;18;15;8;12.4;Aprovado
Aluno_833;15;18;7;10;19;13.8;Aprovado
Aluno_835;10;16;16;19;8;13.8;Aprovado
Aluno_838;18;7;20;18;4;13.4;Aprovado
Aluno_839;7;14;20;20;7;13.6;Aprovado
Aluno_844;19;6;19;11;10;13.0;Aprovado
Aluno_845;10;16;7;12;17;12.4;Aprovado
Aluno_847;14;8;10;15;5;10.4;Aprovado
Aluno_848;5;8;18;17;1;9.8;Aprovado
Aluno_853;14;19;13;8;16;14.0;Aprovado
Aluno_856;18;16;16;17;5;14.4;Aprovado
Aluno_857;12;16;3;16;4;10.2;Aprovado
Aluno_858;11;11;11;17;15;13.0;Aprovado
Aluno_860;5;14;5;18;18;12.0;Aprovado
Aluno_863;19;16;20;4;19;15.6;Aprovado
Aluno_865;19;14;13;18;15;15.8;Aprovado
Aluno_866;16;3;19;17;15;14.0;Aprovado
Aluno_867;11;3;19;17;11;12.2;Aprovado
Aluno_868;14;17;5;20;13;13.8;Aprovado
Aluno_870;13;18;20;14;17;16.4;Aprovado
Aluno_871;5;10;17;17;15;12.8;Aprovado
Aluno_872;4;19;14;6;19;12.4;Aprovado
Aluno_874;3;7;18;15;12;11.0;Aprovado
Aluno_880;17;18;20;10;14;15.8;Aprovado
Aluno_881;9;5;2;20;13;9.8;Aprovado
Aluno_883;9;16;7;5;11;9.6;Aprovado
Aluno_884;11;7;2;15;20;11.0;Aprovado
Aluno_885;1;18;12;19;5;11.0;Aprovado
Aluno_886;12;20;5;15;2;10.8;Aprovado
Aluno_887;7;0;12;11;19;9.8;Aprovado
Aluno_888;1;4;19;16;15;11.0;Aprovado
Aluno_889;19;15;19;4;19;15.2;Aprovado
Aluno_893;16;15;20;11;7;13.8;Aprovado
Aluno_894;8;2;15;8;18;10.2;Aprovado
Aluno_896;14;11;18;2;13;11.6;Aprovado
Aluno_897;5;15;20;0;11;10.2;Aprovado
Aluno_898;2;10;12;17;16;11.4;Aprovado
Aluno_899;16;9;16;11;14;13.2;Aprovado
Aluno_900;4;19;8;8;17;11.2;Aprovado
Aluno_901;11;3;16;8;15;10.6;Aprovado
Aluno_902;17;11;1;17;12;11.6;Aprovado
Aluno_903;13;1;18;17;20;13.8;Aprovado
Aluno_904;20;18;18;6;16;15.6;Aprovado
Aluno_908;11;13;19;1;15;11.8;Aprovado
Aluno_910;2;17;16;2;14;10.2;Aprovado
Aluno_914;10;17;18;6;3;10.8;Aprovado
Aluno_915;8;19;16;17;11;14.2;Aprovado
Aluno_919;20;16;20;15;17;17.6;Aprovado
Aluno_921;4;20;16;1;12;10.6;Aprovado
Aluno_922;18;10;6;4;15;10.6;Aprovado
Aluno_925;12;16;12;16;12;13.6;Aprovado
Aluno_927;17;0;5;19;16;11.4;Aprovado
Aluno_929;7;13;11;17;19;13.4;Aprovado
Aluno_932;13;17;3;12;14;11.8;Aprovado
Aluno_933;18;15;18;7;20;15.6;Aprovado
Aluno_936;14;4;17;11;17;12.6;Aprovado
Aluno_938;16;14;18;20;14;16.4;Aprovado
Aluno_940;14;3;17;8;14;11.2;Aprovado
Aluno_942;13;12;10;4;9;9.6;Aprovado
Aluno_943;20;19;2;4;19;12.8;Aprovado
Aluno_944;7;6;16;16;10;11.0;Aprovado
Aluno_946;18;13;14;5;4;10.8;Aprovado
Aluno_947;6;18;8;18;8;11.6;Aprovado
Aluno_948;18;19;14;15;19;17.0;Aprovado
Aluno_949;5;17;2;20;18;12.4;Aprovado
Aluno_951;2;8;12;9;17;9.6;Aprovado
Aluno_952;6;7;11;15;16;11.0;Aprovado
Aluno_953;18;9;19;4;5;11.0;Aprovado
Aluno_956;19;5;16;12;5;11.4;Aprovado
Aluno_957;14;4;12;12;20;12.4;Aprovado
Aluno_958;14;8;0;14;12;9.6;Aprovado
Aluno_960;19;17;14;7;6;12.6;Aprovado
Aluno_962;3;8;17;17;13;11.6;Aprovado
Aluno_964;0;16;13;9;17;11.0;Aprovado
Aluno_974;12;5;17;2;19;11.0;Aprovado
Aluno_978;19;5;13;6;20;12.6;Aprovado
Aluno_979;14;19;7;17;18;15.0;Aprovado
Aluno_981;4;19;2;10;19;10.8;Aprovado
Aluno_982;14;11;17;16;6;12.8;Aprovado
Aluno_984;11;19;13;7;16;13.2;Aprovado
Aluno_987;18;1;19;18;2;11.6;Aprovado
Aluno_988;18;20;11;2;14;13.0;Aprovado
Aluno_991;10;5;13;14;13;11.0;Aprovado
Aluno_993;19;9;19;8;2;11.4;Aprovado
Aluno_994;10;8;5;10;16;9.8;Aprovado
Aluno_996;7;15;14;12;14;12.4;Aprovado
Aluno_1000;14;1;9;19;13;11.2;Aprovado
Aluno_1001;13;3;4;12;17;9.8;Aprovado
Aluno_1003;11;18;17;4;7;11.4;Aprovado
Aluno_1005;7;20;5;13;3;9.6;Aprovado
Aluno_1006;17;14;11;13;17;14.4;Aprovado
Aluno_1008;14;15;17;3;15;12.8;Aprovado
Aluno_1010;10;3;9;19;18;11.8;Aprovado
Aluno_1011;11;1;14;18;13;11.4;Aprovado
Aluno_1012;11;12;11;14;8;11.2;Aprovado
Aluno_1014;15;16;3;18;16;13.6;Aprovado
Aluno_1018;7;16;6;13;15;11.4;Aprovado
Aluno_1021;8;18;17;15;16;14.8;Aprovado
Aluno_1023;13;9;12;5;13;10.4;Aprovado
Aluno_1026;10;12;11;12;10;11.0;Aprovado
Aluno_1027;0;13;14;18;5;10.0;Aprovado
Aluno_1028;13;9;13;17;20;14.4;Aprovado
Aluno_1029;4;5;5;18;20;10.4;Aprovado
Aluno_1030;20;15;17;0;13;13.0;Aprovado
Aluno_1032;3;16;17;15;7;11.6;Aprovado
Aluno_1034;18;17;2;7;7;10.2;Aprovado
Aluno_1036;14;2;18;15;1;10.0;Aprovado
Aluno_1037;20;19;2;10;15;13.2;Aprovado
Aluno_1038;14;20;11;16;8;13.8;Aprovado
Aluno_1039;8;14;15;18;12;13.4;Aprovado
Aluno_1040;20;14;16;10;11;14.2;Aprovado
Aluno_1043;19;18;1;10;12;12.0;Aprovado
Aluno_1045;8;10;9;8;18;10.6;Aprovado
Aluno_1047;19;9;16;15;4;12.6;Aprovado
Aluno_1048;10;17;19;5;0;10.2;Aprovado
Aluno_1049;5;19;5;20;19;13.6;Aprovado
Aluno_1050;1;12;18;20;12;12.6;Aprovado
Aluno_1053;1;16;8;13;16;10.8;Aprovado
Aluno_1054;16;20;12;15;11;14.8;Aprovado
Aluno_1055;10;14;18;11;0;10.6;Aprovado
Aluno_1056;11;19;20;4;2;11.2;Aprovado
Aluno_1057;18;14;5;18;13;13.6;Aprovado
Aluno_1059;19;13;2;8;10;10.4;Aprovado
Aluno_1061;20;10;3;19;7;11.8;Aprovado
Aluno_1064;10;7;15;9;18;11.8;Aprovado
Aluno_1066;20;17;11;3;15;13.2;Aprovado
Aluno_1067;16;2;7;11;12;9.6;Aprovado
Aluno_1069;16;10;3;3;18;10.0;Aprovado
Aluno_1070;19;15;13;8;4;11.8;Aprovado
Aluno_1072;16;15;12;0;19;12.4;Aprovado
Aluno_1074;7;17;16;13;1;10.8;Aprovado
Aluno_1075;16;5;3;17;12;10.6;Aprovado
Aluno_1076;6;18;7;5;15;10.2;Aprovado
Aluno_1078;12;12;2;19;18;12.6;Aprovado
Aluno_1079;18;13;16;15;16;15.6;Aprovado
Aluno_1081;16;9;1;15;17;11.6;Aprovado
Aluno_1082;12;5;12;7;20;11.2;Aprovado
Aluno_1083;15;0;19;12;17;12.6;Aprovado
Aluno_1085;18;7;19;6;14;12.8;Aprovado
Aluno_1086;17;18;10;16;12;14.6;Aprovado
Aluno_1087;0;13;14;17;12;11.2;Aprovado
Aluno_1088;13;9;10;18;15;13.0;Aprovado
Aluno_1089;18;16;2;12;19;13.4;Aprovado
Aluno_1090;14;8;2;14;12;10.0;Aprovado
Aluno_1091;17;5;11;0;19;10.4;Aprovado
Aluno_1094;17;16;6;2;14;11.0;Aprovado
Aluno_1096;18;4;12;18;12;12.8;Aprovado
Aluno_1098;0;17;20;6;5;9.6;Aprovado
Aluno_1099;7;20;12;13;13;13.0;Aprovado
Aluno_1101;2;10;12;12;18;10.8;Aprovado
Aluno_1105;13;17;15;5;6;11.2;Aprovado
Aluno_1112;2;12;20;13;14;12.2;Aprovado
Aluno_1113;7;3;9;18;14;10.2;Aprovado
Aluno_1114;14;6;9;13;13;11.0;Aprovado
Aluno_1115;4;10;19;12;13;11.6;Aprovado
Aluno_1120;7;13;12;3;19;10.8;Aprovado
Aluno_1122;2;17;12;2;16;9.8;Aprovado
Aluno_1123;13;0;1;19;15;9.6;Aprovado
Aluno_1126;15;20;19;5;19;15.6;Aprovado
Aluno_1128;19;4;17;11;8;11.8;Aprovado
Aluno_1129;4;16;15;0;13;9.6;Aprovado
Aluno_1130;20;9;11;15;19;14.8;Aprovado
Aluno_1132;15;17;6;8;9;11.0;Aprovado
Aluno_1133;17;6;16;9;16;12.8;Aprovado
Aluno_1134;6;2;12;12;16;9.6;Aprovado
Aluno_1135;9;12;10;14;16;12.2;Aprovado
Aluno_1137;0;19;13;4;16;10.4;Aprovado
Aluno_1138;20;18;5;4;17;12.8;Aprovado
Aluno_1139;18;2;5;17;19;12.2;Aprovado
Aluno_1141;18;4;19;2;7;10.0;Aprovado
Aluno_1143;17;3;16;16;19;14.2;Aprovado
Aluno_1144;1;11;7;18;14;10.2;Aprovado
Aluno_1145;0;9;4;17;19;9.8;Aprovado
Aluno_1146;14;20;16;0;8;11.6;Aprovado
Aluno_1147;4;19;19;4;2;9.6;Aprovado
Aluno_1153;11;9;17;17;12;13.2;Aprovado
Aluno_1154;19;16;5;16;18;14.8;Aprovado
Aluno_1155;4;9;20;1;14;9.6;Aprovado
Aluno_1159;1;16;14;20;16;13.4;Aprovado
Aluno_1160;20;20;9;2;17;13.6;Aprovado
Aluno_1161;11;8;15;11;5;10.0;Aprovado
Aluno_1163;19;18;17;10;7;14.2;Aprovado
Aluno_1166;9;6;5;15;15;10.0;Aprovado
Aluno_1167;13;8;2;19;6;9.6;Aprovado
Aluno_1168;16;4;1;17;10;9.6;Aprovado
Aluno_1170;18;16;12;5;12;12.6;Aprovado
Aluno_1171;16;11;8;20;1;11.2;Aprovado
Aluno_1172;13;15;15;14;13;14.0;Aprovado
Aluno_1176;12;4;12;16;17;12.2;Aprovado
Aluno_1177;6;12;19;13;8;11.6;Aprovado
Aluno_1180;13;14;9;12;3;10.2;Aprovado
Aluno_1182;12;12;20;10;3;11.4;Aprovado
Aluno_1185;10;20;1;12;6;9.8;Aprovado
Aluno_1186;5;1;20;18;12;11.2;Aprovado
Aluno_1187;17;4;14;15;7;11.4;Aprovado
Aluno_1188;20;5;15;17;4;12.2;Aprovado
Aluno_1189;9;11;18;6;11;11.0;Aprovado
Aluno_1190;3;17;8;12;12;10.4;Aprovado
Aluno_1191;8;0;18;3;19;9.6;Aprovado
Aluno_1192;5;16;6;8;13;9.6;Aprovado
Aluno_1194;16;9;2;8;19;10.8;Aprovado
Aluno_1195;4;18;19;6;3;10.0;Aprovado
Aluno_1196;5;13;10;14;20;12.4;Aprovado
Aluno_1198;20;14;5;18;6;12.6;Aprovado
Aluno_1199;9;18;10;10;14;12.2;Aprovado
Aluno_1203;1;9;5;15;19;9.8;Aprovado
Aluno_1204;11;10;13;12;7;10.6;Aprovado
Aluno_1205;12;13;1;7;20;10.6;Aprovado
Aluno_1206;20;6;3;8;15;10.4;Aprovado
Aluno_1207;6;14;10;10;15;11.0;Aprovado
Aluno_1208;9;18;14;10;2;10.6;Aprovado
Aluno_1209;12;14;17;15;16;14.8;Aprovado
Aluno_1216;18;18;5;17;18;15.2;Aprovado
Aluno_1217;20;2;19;3;15;11.8;Aprovado
Aluno_1219;18;7;18;6;19;13.6;Aprovado
Aluno_1220;20;14;1;17;14;13.2;Aprovado
Aluno_1223;10;17;9;6;7;9.8;Aprovado
Aluno_1225;16;18;8;7;18;13.4;Aprovado
Aluno_1230;14;14;17;13;14;14.4;Aprovado
Aluno_1231;4;12;11;17;18;12.4;Aprovado
Aluno_1232;0;15;3;15;20;10.6;Aprovado
Aluno_1233;3;16;20;19;14;14.4;Aprovado
Aluno_1234;14;20;16;3;17;14.0;Aprovado
Aluno_1235;19;6;14;19;6;12.8;Aprovado
Aluno_1236;18;16;5;5;10;10.8;Aprovado
Aluno_1238;19;12;16;10;5;12.4;Aprovado
Aluno_1241;12;2;4;12;18;9.6;Aprovado
Aluno_1243;1;16;20;15;6;11.6;Aprovado
Aluno_1244;8;6;12;14;9;9.8;Aprovado
Aluno_1246;20;0;11;17;16;12.8;Aprovado
Aluno_1247;8;16;7;14;6;10.2;Aprovado
Aluno_1249;7;10;14;15;6;10.4;Aprovado
Aluno_1250;16;2;15;15;3;10.2;Aprovado
Aluno_1252;10;20;15;8;18;14.2;Aprovado
Aluno_1254;9;15;2;19;3;9.6;Aprovado
Aluno_1255;6;8;19;12;8;10.6;Aprovado
Aluno_1257;2;15;12;6;17;10.4;Aprovado
Aluno_1258;17;8;15;5;20;13.0;Aprovado
Aluno_1259;4;18;10;8;15;11.0;Aprovado
Aluno_1260;11;11;20;11;0;10.6;Aprovado
Aluno_1262;18;8;5;20;17;13.6;Aprovado
Aluno_1264;1;13;13;2;19;9.6;Aprovado
Aluno_1265;11;18;10;9;15;12.6;Aprovado
Aluno_1266;18;18;7;0;20;12.6;Aprovado
Aluno_1268;11;8;0;18;19;11.2;Aprovado
Aluno_1269;16;12;20;12;20;16.0;Aprovado
Aluno_1270;16;14;6;11;20;13.4;Aprovado
Aluno_1272;16;10;20;18;18;16.4;Aprovado
Aluno_1273;14;20;7;15;18;14.8;Aprovado
Aluno_1274;11;13;18;14;17;14.6;Aprovado
Aluno_1275;15;7;20;15;18;15.0;Aprovado
Aluno_1276;18;17;19;10;10;14.8;Aprovado
Aluno_1278;20;15;13;10;7;13.0;Aprovado
Aluno_1279;16;1;17;2;19;11.0;Aprovado
Aluno_1280;4;7;15;14;18;11.6;Aprovado
Aluno_1282;5;11;14;6;15;10.2;Aprovado
Aluno_1284;17;7;15;16;19;14.8;Aprovado
Aluno_1286;14;14;19;12;7;13.2;Aprovado
Aluno_1287;8;19;12;10;10;11.8;Aprovado
Aluno_1288;12;16;4;19;15;13.2;Aprovado
Aluno_1290;9;17;8;0;14;9.6;Aprovado
Aluno_1291;15;1;7;6;20;9.8;Aprovado
Aluno_1292;6;12;15;11;19;12.6;Aprovado
Aluno_1293;16;12;5;19;16;13.6;Aprovado
Aluno_1294;20;14;15;18;5;14.4;Aprovado
Aluno_1295;6;19;5;16;14;12.0;Aprovado
Aluno_1300;8;13;12;20;5;11.6;Aprovado
Aluno_1301;18;7;18;14;4;12.2;Aprovado
Aluno_1302;15;3;16;7;19;12.0;Aprovado
Aluno_1304;17;10;7;19;17;14.0;Aprovado
Aluno_1305;17;10;4;13;14;11.6;Aprovado
Aluno_1306;19;10;9;3;9;10.0;Aprovado
Aluno_1309;17;8;3;14;12;10.8;Aprovado
Aluno_1311;6;14;13;0;20;10.6;Aprovado
Aluno_1312;16;15;1;18;1;10.2;Aprovado
Aluno_1314;2;7;20;5;16;10.0;Aprovado
Aluno_1315;11;8;0;14;17;10.0;Aprovado
Aluno_1316;12;4;9;15;12;10.4;Aprovado
Aluno_1318;2;12;19;9;11;10.6;Aprovado
Aluno_1320;10;19;5;8;19;12.2;Aprovado
Aluno_1321;7;16;5;16;20;12.8;Aprovado
Aluno_1322;11;2;20;16;4;10.6;Aprovado
Aluno_1324;14;18;17;11;14;14.8;Aprovado
Aluno_1327;12;8;4;13;12;9.8;Aprovado
Aluno_1328;17;5;19;9;11;12.2;Aprovado
Aluno_1329;0;16;6;18;18;11.6;Aprovado
Aluno_1330;15;15;15;1;17;12.6;Aprovado
Aluno_1332;9;20;0;18;6;10.6;Aprovado
Aluno_1334;1;9;16;14;9;9.8;Aprovado
Aluno_1336;9;20;20;5;10;12.8;Aprovado
Aluno_1338;12;11;12;5;18;11.6;Aprovado
Aluno_1339;12;9;8;15;5;9.8;Aprovado
Aluno_1340;17;12;14;1;8;10.4;Aprovado
Aluno_1342;6;15;13;10;9;10.6;Aprovado
Aluno_1344;19;7;11;3;12;10.4;Aprovado
Aluno_1345;16;7;12;19;8;12.4;Aprovado
Aluno_1346;20;12;12;6;1;10.2;Aprovado
Aluno_1348;15;11;9;11;20;13.2;Aprovado
Aluno_1350;14;11;3;18;20;13.2;Aprovado
Aluno_1351;9;10;15;4;11;9.8;Aprovado
Aluno_1352;6;14;7;18;9;10.8;Aprovado
Aluno_1353;19;15;15;20;1;14.0;Aprovado
Aluno_1356;16;17;14;6;13;13.2;Aprovado
Aluno_1357;2;11;15;16;10;10.8;Aprovado
Aluno_1358;12;18;14;8;10;12.4;Aprovado
Aluno_1359;13;17;1;20;16;13.4;Aprovado
Aluno_1360;17;16;10;8;3;10.8;Aprovado
Aluno_1362;17;14;14;12;6;12.6;Aprovado
Aluno_1363;4;2;18;14;15;10.6;Aprovado
Aluno_1367;13;12;2;19;10;11.2;Aprovado
Aluno_1368;14;20;12;9;5;12.0;Aprovado
Aluno_1369;8;13;9;12;19;12.2;Aprovado
Aluno_1371;16;3;17;7;11;10.8;Aprovado
Aluno_1373;11;9;6;20;8;10.8;Aprovado
Aluno_1375;4;20;9;10;9;10.4;Aprovado
Aluno_1376;10;14;17;1;18;12.0;Aprovado
Aluno_1380;10;19;11;1;19;12.0;Aprovado
Aluno_1382;1;19;16;15;9;12.0;Aprovado
Aluno_1383;6;11;0;18;20;11.0;Aprovado
Aluno_1385;3;7;15;17;15;11.4;Aprovado
Aluno_1386;7;0;14;19;14;10.8;Aprovado
Aluno_1387;19;4;1;17;16;11.4;Aprovado
Aluno_1388;20;5;8;9;19;12.2;Aprovado
Aluno_1389;18;20;6;10;12;13.2;Aprovado
Aluno_1391;13;14;19;19;7;14.4;Aprovado
Aluno_1392;9;4;17;15;4;9.8;Aprovado
Aluno_1393;10;13;20;19;5;13.4;Aprovado
Aluno_1394;1;17;3;12;19;10.4;Aprovado
Aluno_1395;8;15;12;1;13;9.8;Aprovado
Aluno_1400;4;7;15;12;11;9.8;Aprovado
Aluno_1401;14;12;18;3;1;9.6;Aprovado
Aluno_1405;19;7;10;1;16;10.6;Aprovado
Aluno_1406;16;10;12;5;5;9.6;Aprovado
Aluno_1409;17;15;20;20;10;16.4;Aprovado
Aluno_1410;17;19;3;9;2;10.0;Aprovado
Aluno_1415;12;12;20;8;17;13.8;Aprovado
Aluno_1416;14;2;17;19;18;14.0;Aprovado
Aluno_1417;8;14;17;18;11;13.6;Aprovado
Aluno_1418;3;15;15;13;12;11.6;Aprovado
Aluno_1420;4;16;17;4;11;10.4;Aprovado
Aluno_1422;10;19;20;7;8;12.8;Aprovado
Aluno_1424;2;20;11;5;20;11.6;Aprovado
Aluno_1425;8;18;6;10;15;11.4;Aprovado
Aluno_1426;2;10;14;11;16;10.6;Aprovado
Aluno_1427;1;15;6;17;20;11.8;Aprovado
Aluno_1428;11;20;20;18;7;15.2;Aprovado
Aluno_1430;8;5;15;20;1;9.8;Aprovado
Aluno_1431;14;13;18;13;7;13.0;Aprovado
Aluno_1433;4;16;13;17;20;14.0;Aprovado
Aluno_1436;14;10;1;9;20;10.8;Aprovado
Aluno_1437;5;2;19;11;16;10.6;Aprovado
Aluno_1439;4;15;13;16;13;12.2;Aprovado
Aluno_1441;17;20;0;17;16;14.0;Aprovado
Aluno_1443;4;18;6;18;6;10.4;Aprovado
Aluno_1445;12;18;18;4;14;13.2;Aprovado
Aluno_1446;4;10;19;14;19;13.2;Aprovado
Aluno_1448;16;9;18;0;17;12.0;Aprovado
Aluno_1449;17;10;8;7;12;10.8;Aprovado
Aluno_1450;7;19;18;11;1;11.2;Aprovado
Aluno_1451;12;15;4;18;18;13.4;Aprovado
Aluno_1452;18;18;17;11;14;15.6;Aprovado
Aluno_1453;2;10;15;12;11;10.0;Aprovado
Aluno_1455;1;1;11;18;17;9.6;Aprovado
Aluno_1458;12;18;11;3;11;11.0;Aprovado
Aluno_1461;18;17;16;3;8;12.4;Aprovado
Aluno_1462;15;3;9;19;3;9.8;Aprovado
Aluno_1463;7;16;9;3;16;10.2;Aprovado
Aluno_1465;15;19;16;20;15;17.0;Aprovado
Aluno_1467;12;13;12;8;7;10.4;Aprovado
Aluno_1470;20;17;16;16;15;16.8;Aprovado
Aluno_1473;5;20;3;19;19;13.2;Aprovado
Aluno_1474;6;11;17;1;13;9.6;Aprovado
Aluno_1481;10;6;14;14;5;9.8;Aprovado
Aluno_1484;17;14;17;9;18;15.0;Aprovado
Aluno_1485;3;7;16;16;6;9.6;Aprovado
Aluno_1487;13;17;6;17;7;12.0;Aprovado
Aluno_1490;6;13;13;15;13;12.0;Aprovado
Aluno_1492;12;17;18;15;9;14.2;Aprovado
Aluno_1493;13;19;17;18;13;16.0;Aprovado
Aluno_1496;16;0;12;9;15;10.4;Aprovado
Aluno_1497;7;10;9;15;20;12.2;Aprovado
Aluno_1499;12;11;19;12;5;11.8;Aprovado
Aluno_1501;15;19;5;19;14;14.4;Aprovado
Aluno_1505;9;12;0;19;14;10.8;Aprovado
Aluno_1508;14;16;7;19;1;11.4;Aprovado
Aluno_1511;19;3;11;13;11;11.4;Aprovado
Aluno_1513;17;7;4;10;16;10.8;Aprovado
Aluno_1516;11;10;9;9;15;10.8;Aprovado
Aluno_1517;16;19;0;18;8;12.2;Aprovado
Aluno_1520;17;16;11;20;14;15.6;Aprovado
Aluno_1521;17;19;2;17;2;11.4;Aprovado
Aluno_1522;13;19;8;13;15;13.6;Aprovado
Aluno_1523;14;15;1;15;20;13.0;Aprovado
Aluno_1524;11;13;2;10;20;11.2;Aprovado
Aluno_1525;3;10;13;9;20;11.0;Aprovado
Aluno_1527;19;15;18;13;4;13.8;Aprovado
Aluno_1529;6;14;6;18;8;10.4;Aprovado
Aluno_1530;10;15;11;1;20;11.4;Aprovado
Aluno_1532;5;8;8;8;20;9.8;Aprovado
Aluno_1534;14;18;8;15;11;13.2;Aprovado
Aluno_1535;18;19;11;15;19;16.4;Aprovado
Aluno_1537;1;9;14;20;9;10.6;Aprovado
Aluno_1538;13;16;1;20;18;13.6;Aprovado
Aluno_1539;1;14;17;10;8;10.0;Aprovado
Aluno_1541;16;14;13;8;0;10.2;Aprovado
Aluno_1543;12;13;9;12;11;11.4;Aprovado
Aluno_1544;8;19;11;3;18;11.8;Aprovado
Aluno_1545;6;6;9;18;16;11.0;Aprovado
Aluno_1548;19;16;4;11;17;13.4;Aprovado
Aluno_1550;14;9;5;5;17;10.0;Aprovado
Aluno_1552;19;13;12;4;14;12.4;Aprovado
Aluno_1553;10;10;2;19;8;9.8;Aprovado
Aluno_1556;11;6;10;8;19;10.8;Aprovado
Aluno_1557;20;11;16;9;12;13.6;Aprovado
Aluno_1558;14;1;9;15;12;10.2;Aprovado
Aluno_1559;15;19;11;9;0;10.8;Aprovado
Aluno_1560;4;17;16;9;19;13.0;Aprovado
Aluno_1561;19;5;3;18;3;9.6;Aprovado
Aluno_1563;18;19;10;5;3;11.0;Aprovado
Aluno_1564;4;14;6;16;12;10.4;Aprovado
Aluno_1566;0;19;17;5;14;11.0;Aprovado
Aluno_1571;16;7;13;7;5;9.6;Aprovado
Aluno_1572;11;11;11;15;2;10.0;Aprovado
Aluno_1573;17;7;20;18;3;13.0;Aprovado
Aluno_1574;14;10;17;19;9;13.8;Aprovado
Aluno_1575;11;13;10;2;20;11.2;Aprovado
Aluno_1578;13;6;14;3;19;11.0;Aprovado
Aluno_1579;16;16;8;5;10;11.0;Aprovado
Aluno_1580;20;3;18;10;6;11.4;Aprovado
Aluno_1581;7;12;19;13;17;13.6;Aprovado
Aluno_1583;13;4;18;20;4;11.8;Aprovado
Aluno_1585;19;17;10;1;3;10.0;Aprovado
Aluno_1586;6;5;14;16;12;10.6;Aprovado
Aluno_1588;11;10;18;16;13;13.6;Aprovado
Aluno_1589;20;13;7;14;10;12.8;Aprovado
Aluno_1591;19;5;17;18;13;14.4;Aprovado
Aluno_1596;16;11;18;7;15;13.4;Aprovado
Aluno_1597;11;15;4;18;5;10.6;Aprovado
Aluno_1598;19;16;18;5;5;12.6;Aprovado
Aluno_1602;15;20;6;18;13;14.4;Aprovado
Aluno_1603;20;1;11;10;8;10.0;Aprovado
Aluno_1604;20;8;7;20;14;13.8;Aprovado
Aluno_1605;1;12;4;14;17;9.6;Aprovado
Aluno_1606;7;15;9;10;11;10.4;Aprovado
Aluno_1607;10;17;20;18;18;16.6;Aprovado
Aluno_1608;12;18;4;20;12;13.2;Aprovado
Aluno_1609;16;11;16;9;6;11.6;Aprovado
Aluno_1611;20;16;14;0;9;11.8;Aprovado
Aluno_1612;17;14;12;6;1;10.0;Aprovado
Aluno_1613;17;9;0;16;13;11.0;Aprovado
Aluno_1614;13;14;10;9;12;11.6;Aprovado
Aluno_1617;10;12;17;17;12;13.6;Aprovado
Aluno_1618;12;16;17;4;8;11.4;Aprovado
Aluno_1619;0;8;20;17;12;11.4;Aprovado
Aluno_1621;8;19;12;15;13;13.4;Aprovado
Aluno_1624;18;12;15;15;7;13.4;Aprovado
Aluno_1626;16;8;16;5;7;10.4;Aprovado
Aluno_1629;14;5;16;17;7;11.8;Aprovado
Aluno_1631;19;6;13;12;6;11.2;Aprovado
Aluno_1634;7;17;9;13;13;11.8;Aprovado
Aluno_1635;17;15;17;16;17;16.4;Aprovado
Aluno_1639;0;12;16;9;18;11.0;Aprovado
Aluno_1640;8;12;5;19;16;12.0;Aprovado
Aluno_1641;12;16;13;6;18;13.0;Aprovado
Aluno_1642;0;16;5;15;15;10.2;Aprovado
Aluno_1644;19;5;11;11;18;12.8;Aprovado
Aluno_1646;1;12;13;15;18;11.8;Aprovado
Aluno_1647;5;13;18;19;6;12.2;Aprovado
Aluno_1648;6;3;15;15;10;9.8;Aprovado
Aluno_1650;17;7;7;14;16;12.2;Aprovado
Aluno_1651;14;12;17;11;10;12.8;Aprovado
Aluno_1653;9;5;20;9;9;10.4;Aprovado
Aluno_1654;11;20;8;1;11;10.2;Aprovado
Aluno_1656;7;2;20;12;12;10.6;Aprovado
Aluno_1657;10;12;8;2;17;9.8;Aprovado
Aluno_1659;5;15;19;0;18;11.4;Aprovado
Aluno_1661;5;7;12;9;16;9.8;Aprovado
Aluno_1662;8;7;1;14;19;9.8;Aprovado
Aluno_1663;6;5;18;5;15;9.8;Aprovado
Aluno_1666;11;9;5;20;14;11.8;Aprovado
Aluno_1668;7;11;9;20;12;11.8;Aprovado
Aluno_1669;17;16;5;4;7;9.8;Aprovado
Aluno_1670;19;4;15;3;16;11.4;Aprovado
Aluno_1671;14;19;16;17;3;13.8;Aprovado
Aluno_1672;6;8;18;2;18;10.4;Aprovado
Aluno_1673;10;20;2;16;8;11.2;Aprovado
Aluno_1674;19;19;17;17;14;17.2;Aprovado
Aluno_1675;15;6;6;17;8;10.4;Aprovado
Aluno_1677;5;12;19;12;8;11.2;Aprovado
Aluno_1678;2;12;11;14;13;10.4;Aprovado
Aluno_1681;13;16;10;4;16;11.8;Aprovado
Aluno_1682;10;19;3;4;12;9.6;Aprovado
Aluno_1683;17;19;4;4;8;10.4;Aprovado
Aluno_1685;11;16;17;2;6;10.4;Aprovado
Aluno_1688;18;0;8;19;4;9.8;Aprovado
Aluno_1691;3;16;12;15;5;10.2;Aprovado
Aluno_1692;12;7;15;7;12;10.6;Aprovado
Aluno_1693;7;17;15;16;7;12.4;Aprovado
Aluno_1694;20;12;2;7;14;11.0;Aprovado
Aluno_1697;17;7;13;20;3;12.0;Aprovado
Aluno_1699;17;12;15;15;20;15.8;Aprovado
Aluno_1700;18;6;14;11;17;13.2;Aprovado
Aluno_1704;9;1;15;11;20;11.2;Aprovado
Aluno_1705;18;17;9;19;20;16.6;Aprovado
Aluno_1707;14;6;18;15;20;14.6;Aprovado
Aluno_1710;11;13;5;19;14;12.4;Aprovado
Aluno_1711;16;17;18;13;17;16.2;Aprovado
Aluno_1712;20;12;7;10;19;13.6;Aprovado
Aluno_1713;19;10;2;6;15;10.4;Aprovado
Aluno_1714;4;20;13;9;5;10.2;Aprovado
Aluno_1715;3;20;15;8;20;13.2;Aprovado
Aluno_1717;19;16;20;15;8;15.6;Aprovado
Aluno_1718;17;7;2;9;18;10.6;Aprovado
Aluno_1719;16;18;17;18;17;17.2;Aprovado
Aluno_1720;18;19;8;16;4;13.0;Aprovado
Aluno_1722;3;8;20;12;11;10.8;Aprovado
Aluno_1723;20;19;0;0;10;9.8;Aprovado
Aluno_1725;3;11;9;12;19;10.8;Aprovado
Aluno_1726;1;20;5;8;16;10.0;Aprovado
Aluno_1727;14;19;11;6;19;13.8;Aprovado
Aluno_1729;3;19;12;18;0;10.4;Aprovado
Aluno_1731;6;14;7;5;20;10.4;Aprovado
Aluno_1732;9;0;19;17;8;10.6;Aprovado
Aluno_1733;18;11;2;18;18;13.4;Aprovado
Aluno_1734;18;2;11;10;12;10.6;Aprovado
Aluno_1735;11;10;6;11;13;10.2;Aprovado
Aluno_1737;12;15;1;12;18;11.6;Aprovado
Aluno_1738;17;8;13;11;6;11.0;Aprovado
Aluno_1739;7;14;4;20;3;9.6;Aprovado
Aluno_1740;20;11;8;9;11;11.8;Aprovado
Aluno_1741;14;0;20;19;13;13.2;Aprovado
Aluno_1745;3;7;16;4;19;9.8;Aprovado
Aluno_1750;13;9;4;17;8;10.2;Aprovado
Aluno_1751;1;18;18;8;8;10.6;Aprovado
Aluno_1752;4;10;10;12;19;11.0;Aprovado
Aluno_1755;12;16;8;8;12;11.2;Aprovado
Aluno_1758;13;20;6;11;13;12.6;Aprovado
Aluno_1760;19;5;20;11;1;11.2;Aprovado
Aluno_1762;6;5;19;18;3;10.2;Aprovado
Aluno_1763;5;4;12;18;20;11.8;Aprovado
Aluno_1764;16;12;20;15;13;15.2;Aprovado
Aluno_1765;1;18;19;18;10;13.2;Aprovado
Aluno_1767;4;8;19;9;11;10.2;Aprovado
Aluno_1768;4;16;17;17;15;13.8;Aprovado
Aluno_1770;7;18;5;17;19;13.2;Aprovado
Aluno_1773;12;20;0;11;6;9.8;Aprovado
Aluno_1774;14;18;0;19;7;11.6;Aprovado
Aluno_1777;2;18;12;8;16;11.2;Aprovado
Aluno_1778;13;6;18;13;19;13.8;Aprovado
Aluno_1779;15;16;11;4;12;11.6;Aprovado
Aluno_1780;9;5;15;20;4;10.6;Aprovado
Aluno_1781;9;18;18;18;9;14.4;Aprovado
Aluno_1782;11;5;2;20;11;9.8;Aprovado
Aluno_1783;8;1;11;15;16;10.2;Aprovado
Aluno_1786;19;18;6;3;2;9.6;Aprovado
Aluno_1787;7;19;12;7;14;11.8;Aprovado
Aluno_1789;11;16;2;14;5;9.6;Aprovado
Aluno_1791;19;3;19;4;18;12.6;Aprovado
Aluno_1793;4;19;7;20;2;10.4;Aprovado
Aluno_1794;14;16;0;12;8;10.0;Aprovado
Aluno_1796;11;3;17;17;12;12.0;Aprovado
Aluno_1797;4;13;19;3;19;11.6;Aprovado
Aluno_1798;16;18;15;7;3;11.8;Aprovado
Aluno_1800;11;13;19;16;3;12.4;Aprovado
Aluno_1801;14;7;11;17;7;11.2;Aprovado
Aluno_1802;14;0;12;20;12;11.6;Aprovado
Aluno_1804;11;17;9;15;17;13.8;Aprovado
Aluno_1805;19;15;6;11;8;11.8;Aprovado
Aluno_1806;17;7;13;12;0;9.8;Aprovado
Aluno_1807;13;0;15;15;12;11.0;Aprovado
Aluno_1808;1;11;14;20;17;12.6;Aprovado
Aluno_1811;19;17;7;14;10;13.4;Aprovado
Aluno_1813;2;5;17;11;14;9.8;Aprovado
Aluno_1814;5;11;12;7;13;9.6;Aprovado
Aluno_1815;4;8;17;6;15;10.0;Aprovado
Aluno_1816;20;14;14;1;14;12.6;Aprovado
Aluno_1817;4;15;3;11;18;10.2;Aprovado
Aluno_1818;0;11;16;20;8;11.0;Aprovado
Aluno_1819;16;13;4;13;4;10.0;Aprovado
Aluno_1820;18;12;15;15;4;12.8;Aprovado
Aluno_1822;11;2;9;19;19;12.0;Aprovado
Aluno_1824;19;8;16;9;19;14.2;Aprovado
Aluno_1825;20;19;17;16;17;17.8;Aprovado
Aluno_1828;1;18;4;18;13;10.8;Aprovado
Aluno_1829;17;2;15;10;6;10.0;Aprovado
Aluno_1831;14;2;17;20;15;13.6;Aprovado
Aluno_1832;10;15;20;5;19;13.8;Aprovado
Aluno_1833;17;16;13;15;14;15.0;Aprovado
Aluno_1834;11;14;14;19;6;12.8;Aprovado
Aluno_1835;5;2;16;15;16;10.8;Aprovado
Aluno_1837;12;8;20;4;17;12.2;Aprovado
Aluno_1838;19;20;16;20;13;17.6;Aprovado
Aluno_1839;15;11;10;3;14;10.6;Aprovado
Aluno_1840;17;14;16;1;14;12.4;Aprovado
Aluno_1842;7;17;19;8;15;13.2;Aprovado
Aluno_1843;17;19;18;16;4;14.8;Aprovado
Aluno_1844;20;11;20;13;1;13.0;Aprovado
Aluno_1846;7;15;12;18;8;12.0;Aprovado
Aluno_1850;14;2;6;17;10;9.8;Aprovado
Aluno_1852;0;19;17;17;17;14.0;Aprovado
Aluno_1855;17;20;16;10;15;15.6;Aprovado
Aluno_1856;17;0;18;2;17;10.8;Aprovado
Aluno_1857;16;19;5;6;8;10.8;Aprovado
Aluno_1859;14;14;4;18;18;13.6;Aprovado
Aluno_1860;7;13;1;17;17;11.0;Aprovado
Aluno_1861;16;19;19;12;4;14.0;Aprovado
Aluno_1863;7;13;9;18;6;10.6;Aprovado
Aluno_1864;13;20;9;11;9;12.4;Aprovado
Aluno_1865;3;4;20;16;14;11.4;Aprovado
Aluno_1868;18;10;16;11;14;13.8;Aprovado
Aluno_1869;15;15;15;18;19;16.4;Aprovado
Aluno_1870;13;11;6;13;19;12.4;Aprovado
Aluno_1871;20;14;15;6;14;13.8;Aprovado
Aluno_1873;4;17;15;5;13;10.8;Aprovado
Aluno_1874;8;20;7;18;9;12.4;Aprovado
Aluno_1875;1;2;11;18;16;9.6;Aprovado
Aluno_1876;17;7;2;3;20;9.8;Aprovado
Aluno_1877;5;2;16;18;13;10.8;Aprovado
Aluno_1879;0;17;17;15;15;12.8;Aprovado
Aluno_1881;15;19;3;5;8;10.0;Aprovado
Aluno_1882;12;16;15;7;6;11.2;Aprovado
Aluno_1883;8;7;16;15;15;12.2;Aprovado
Aluno_1884;20;10;8;4;9;10.2;Aprovado
Aluno_1885;12;4;5;20;8;9.8;Aprovado
Aluno_1886;8;12;19;9;6;10.8;Aprovado
Aluno_1887;10;20;1;12;15;11.6;Aprovado
Aluno_1889;1;12;20;6;16;11.0;Aprovado
Aluno_1890;5;5;5;19;19;10.6;Aprovado
Aluno_1894;18;1;6;20;6;10.2;Aprovado
Aluno_1897;17;18;4;5;11;11.0;Aprovado
Aluno_1900;18;11;1;18;6;10.8;Aprovado
Aluno_1901;12;6;14;11;5;9.6;Aprovado
Aluno_1902;10;12;14;14;8;11.6;Aprovado
Aluno_1904;6;8;13;19;6;10.4;Aprovado
Aluno_1906;14;20;13;10;16;14.6;Aprovado
Aluno_1907;0;14;9;15;16;10.8;Aprovado
Aluno_1908;11;1;16;8;15;10.2;Aprovado
Aluno_1911;20;0;3;19;16;11.6;Aprovado
Aluno_1912;18;7;15;13;12;13.0;Aprovado
Aluno_1914;16;14;19;5;9;12.6;Aprovado
Aluno_1917;11;9;17;18;13;13.6;Aprovado
Aluno_1919;10;20;8;12;6;11.2;Aprovado
Aluno_1920;2;14;2;15;20;10.6;Aprovado
Aluno_1921;7;16;7;0;20;10.0;Aprovado
Aluno_1922;13;5;19;12;11;12.0;Aprovado
Aluno_1924;9;12;18;20;3;12.4;Aprovado
Aluno_1929;20;16;16;2;16;14.0;Aprovado
Aluno_1931;15;16;6;19;15;14.2;Aprovado
Aluno_1933;5;16;18;14;18;14.2;Aprovado
Aluno_1934;20;15;11;20;6;14.4;Aprovado
Aluno_1935;11;13;14;12;13;12.6;Aprovado
Aluno_1938;15;2;4;11;16;9.6;Aprovado
Aluno_1939;4;13;14;13;15;11.8;Aprovado
Aluno_1940;14;13;17;0;7;10.2;Aprovado
Aluno_1941;11;14;10;13;17;13.0;Aprovado
Aluno_1942;3;7;11;13;14;9.6;Aprovado
Aluno_1944;10;12;19;15;8;12.8;Aprovado
Aluno_1945;15;16;14;13;5;12.6;Aprovado
Aluno_1946;5;20;19;0;17;12.2;Aprovado
Aluno_1947;13;2;3;15;17;10.0;Aprovado
Aluno_1948;17;5;17;17;13;13.8;Aprovado
Aluno_1950;10;16;18;14;13;14.2;Aprovado
Aluno_1952;20;14;1;18;3;11.2;Aprovado
Aluno_1954;15;19;10;8;14;13.2;Aprovado
Aluno_1955;14;5;4;14;17;10.8;Aprovado
Aluno_1956;20;5;17;2;13;11.4;Aprovado
Aluno_1957;14;17;17;0;0;9.6;Aprovado
Aluno_1958;3;17;13;15;9;11.4;Aprovado
Aluno_1959;10;3;9;7;19;9.6;Aprovado
Aluno_1960;18;16;2;12;9;11.4;Aprovado
Aluno_1961;14;13;8;7;9;10.2;Aprovado
Aluno_1963;20;12;10;13;7;12.4;Aprovado
Aluno_1964;12;6;11;20;0;9.8;Aprovado
Aluno_1965;18;11;11;20;0;12.0;Aprovado
Aluno_1967;13;18;20;14;6;14.2;Aprovado
Aluno_1969;15;14;13;18;15;15.0;Aprovado
Aluno_1970;20;11;10;5;4;10.0;Aprovado
Aluno_1972;13;16;20;11;10;14.0;Aprovado
Aluno_1973;14;2;9;17;17;11.8;Aprovado
Aluno_1974;2;18;10;15;18;12.6;Aprovado
Aluno_1975;7;19;14;11;12;12.6;Aprovado
Aluno_1976;15;3;18;19;10;13.0;Aprovado
Aluno_1977;9;2;15;12;19;11.4;Aprovado
Aluno_1978;3;15;20;7;18;12.6;Aprovado
Aluno_1979;17;11;19;0;16;12.6;Aprovado
Aluno_1981;16;16;17;6;12;13.4;Aprovado
Aluno_1982;12;6;12;14;19;12.6;Aprovado
Aluno_1984;10;17;3;12;9;10.2;Aprovado
Aluno_1988;6;12;18;12;5;10.6;Aprovado
Aluno_1991;16;4;20;6;15;12.2;Aprovado
Aluno_1992;9;15;17;7;8;11.2;Aprovado
Aluno_1995;19;3;18;13;9;12.4;Aprovado
Aluno_1997;6;15;16;3;19;11.8;Aprovado
Aluno_1998;0;15;10;19;15;11.8;Aprovado
Aluno_2000;12;12;5;16;16;12.2;Aprovado
Aluno_2001;9;12;13;7;20;12.2;Aprovado
Aluno_2002;14;1;2;20;13;10.0;Aprovado
Aluno_2004;20;7;3;19;20;13.8;Aprovado
Aluno_2005;8;14;11;1;20;10.8;Aprovado
Aluno_2006;8;10;12;3;16;9.8;Aprovado
Aluno_2007;14;8;1;20;13;11.2;Aprovado
Aluno_2009;9;12;14;6;20;12.2;Aprovado
Aluno_2013;4;11;11;11;12;9.8;Aprovado
Aluno_2014;3;18;16;18;16;14.2;Aprovado
Aluno_2015;17;6;13;14;18;13.6;Aprovado
Aluno_2016;18;9;5;15;6;10.6;Aprovado
Aluno_2017;3;15;18;9;16;12.2;Aprovado
Aluno_2019;9;9;17;16;4;11.0;Aprovado
Aluno_2020;17;5;4;20;5;10.2;Aprovado
Aluno_2021;18;17;5;16;1;11.4;Aprovado
Aluno_2022;3;17;1;20;15;11.2;Aprovado
Aluno_2024;0;20;14;17;4;11.0;Aprovado
Aluno_2025;17;6;14;10;11;11.6;Aprovado
Aluno_2027;14;10;0;9;15;9.6;Aprovado
Aluno_2028;16;12;17;6;5;11.2;Aprovado
Aluno_2030;11;5;11;11;14;10.4;Aprovado
Aluno_2031;1;13;10;15;15;10.8;Aprovado
Aluno_2032;0;11;7;20;19;11.4;Aprovado
Aluno_2033;20;3;6;17;12;11.6;Aprovado
Aluno_2034;16;5;20;2;11;10.8;Aprovado
Aluno_2035;15;9;1;19;9;10.6;Aprovado
Aluno_2036;4;17;10;14;13;11.6;Aprovado
Aluno_2039;6;8;19;18;8;11.8;Aprovado
Aluno_2041;9;9;17;20;10;13.0;Aprovado
Aluno_2042;8;19;13;4;9;10.6;Aprovado
Aluno_2043;13;5;17;5;13;10.6;Aprovado
Aluno_2044;12;15;7;6;8;9.6;Aprovado
Aluno_2046;2;9;12;15;20;11.6;Aprovado
Aluno_2047;6;10;20;7;9;10.4;Aprovado
Aluno_2048;20;10;7;8;8;10.6;Aprovado
Aluno_2053;8;8;16;6;20;11.6;Aprovado
Aluno_2054;16;18;1;14;9;11.6;Aprovado
Aluno_2057;13;2;14;16;13;11.6;Aprovado
Aluno_2060;5;15;6;4;20;10.0;Aprovado
Aluno_2062;6;12;6;14;15;10.6;Aprovado
Aluno_2063;12;9;6;13;10;10.0;Aprovado
Aluno_2065;3;8;20;20;14;13.0;Aprovado
Aluno_2066;7;11;17;19;6;12.0;Aprovado
Aluno_2070;2;16;17;19;11;13.0;Aprovado
Aluno_2075;8;14;4;6;19;10.2;Aprovado
Aluno_2078;12;19;14;15;2;12.4;Aprovado
Aluno_2080;1;12;19;14;4;10.0;Aprovado
Aluno_2081;4;15;18;13;10;12.0;Aprovado
Aluno_2082;11;14;15;11;2;10.6;Aprovado
Aluno_2083;20;9;10;11;12;12.4;Aprovado
Aluno_2084;7;13;7;15;20;12.4;Aprovado
Aluno_2086;7;13;6;12;19;11.4;Aprovado
Aluno_2087;17;8;6;10;9;10.0;Aprovado
Aluno_2090;2;19;9;14;17;12.2;Aprovado
Aluno_2091;5;15;18;13;18;13.8;Aprovado
Aluno_2093;11;9;15;11;19;13.0;Aprovado
Aluno_2095;5;10;17;14;15;12.2;Aprovado
Aluno_2096;16;10;8;9;5;9.6;Aprovado
Aluno_2098;1;20;12;8;8;9.8;Aprovado
Aluno_2099;19;12;9;20;12;14.4;Aprovado
Aluno_2100;7;6;19;19;8;11.8;Aprovado
Aluno_2101;11;16;13;8;5;10.6;Aprovado
Aluno_2102;3;1;11;20;20;11.0;Aprovado
Aluno_2103;4;11;18;19;18;14.0;Aprovado
Aluno_2104;12;9;6;10;13;10.0;Aprovado
Aluno_2105;14;17;14;10;20;15.0;Aprovado
Aluno_2106;15;10;15;6;14;12.0;Aprovado
Aluno_2107;9;15;7;20;2;10.6;Aprovado
Aluno_2108;15;16;9;9;4;10.6;Aprovado
Aluno_2109;11;18;3;3;20;11.0;Aprovado
Aluno_2110;16;17;18;4;17;14.4;Aprovado
Aluno_2111;15;2;18;4;13;10.4;Aprovado
Aluno_2112;11;20;20;10;15;15.2;Aprovado
Aluno_2113;7;15;14;8;13;11.4;Aprovado
Aluno_2114;19;5;13;15;8;12.0;Aprovado
Aluno_2116;15;10;15;3;6;9.8;Aprovado
Aluno_2117;12;14;9;1;13;9.8;Aprovado
Aluno_2118;18;14;18;13;5;13.6;Aprovado
Aluno_2120;4;9;4;17;14;9.6;Aprovado
Aluno_2121;19;11;8;20;19;15.4;Aprovado
Aluno_2122;7;12;17;5;7;9.6;Aprovado
Aluno_2124;0;6;15;20;7;9.6;Aprovado
Aluno_2126;19;14;11;11;16;14.2;Aprovado
Aluno_2129;7;14;7;19;19;13.2;Aprovado
Aluno_2130;6;13;11;17;15;12.4;Aprovado
Aluno_2133;15;12;14;8;17;13.2;Aprovado
Aluno_2136;19;16;9;16;14;14.8;Aprovado
Aluno_2138;13;20;11;8;17;13.8;Aprovado
Aluno_2141;17;15;0;14;4;10.0;Aprovado
Aluno_2142;12;3;14;14;10;10.6;Aprovado
Aluno_2144;8;11;11;18;4;10.4;Aprovado
Aluno_2147;8;13;18;3;16;11.6;Aprovado
Aluno_2149;10;6;10;12;14;10.4;Aprovado
Aluno_2150;2;12;19;10;18;12.2;Aprovado
Aluno_2154;5;14;16;16;16;13.4;Aprovado
Aluno_2156;10;14;9;2;17;10.4;Aprovado
Aluno_2157;14;13;1;14;18;12.0;Aprovado
Aluno_2158;4;19;8;20;17;13.6;Aprovado
Aluno_2159;19;18;2;9;12;12.0;Aprovado
Aluno_2160;9;12;17;7;13;11.6;Aprovado
Aluno_2161;11;9;6;11;15;10.4;Aprovado
Aluno_2162;14;20;14;14;17;15.8;Aprovado
Aluno_2163;16;4;20;8;17;13.0;Aprovado
Aluno_2164;9;19;19;9;15;14.2;Aprovado
Aluno_2165;5;19;17;19;16;15.2;Aprovado
Aluno_2167;12;3;13;14;11;10.6;Aprovado
Aluno_2169;9;15;13;20;9;13.2;Aprovado
Aluno_2173;15;12;6;13;18;12.8;Aprovado
Aluno_2174;6;18;10;7;12;10.6;Aprovado
Aluno_2176;13;12;16;11;2;10.8;Aprovado
Aluno_2177;8;10;13;14;5;10.0;Aprovado
Aluno_2178;14;3;5;13;13;9.6;Aprovado
Aluno_2179;20;19;7;20;3;13.8;Aprovado
Aluno_2181;1;14;7;10;18;10.0;Aprovado
Aluno_2184;17;6;11;17;19;14.0;Aprovado
Aluno_2185;13;18;16;19;5;14.2;Aprovado
Aluno_2186;19;18;0;1;15;10.6;Aprovado
Aluno_2187;17;5;14;6;19;12.2;Aprovado
Aluno_2189;1;19;19;18;11;13.6;Aprovado
Aluno_2190;0;14;15;14;18;12.2;Aprovado
Aluno_2191;3;14;8;9;18;10.4;Aprovado
Aluno_2195;15;17;20;13;12;15.4;Aprovado
Aluno_2196;13;17;20;2;12;12.8;Aprovado
Aluno_2198;2;19;9;2;18;10.0;Aprovado
Aluno_2199;2;10;5;18;15;10.0;Aprovado
Aluno_2200;8;4;18;9;11;10.0;Aprovado
Aluno_2203;20;1;19;14;16;14.0;Aprovado
Aluno_2204;1;12;14;12;9;9.6;Aprovado
Aluno_2205;7;9;13;4;17;10.0;Aprovado
Aluno_2206;20;8;7;3;18;11.2;Aprovado
Aluno_2209;14;3;16;16;14;12.6;Aprovado
Aluno_2212;11;2;10;15;19;11.4;Aprovado
Aluno_2213;12;20;11;6;19;13.6;Aprovado
Aluno_2215;19;20;16;11;5;14.2;Aprovado
Aluno_2216;17;1;16;20;3;11.4;Aprovado
Aluno_2217;5;19;10;10;4;9.6;Aprovado
Aluno_2220;18;1;20;11;7;11.4;Aprovado
Aluno_2221;18;16;13;11;20;15.6;Aprovado
Aluno_2223;18;15;7;1;10;10.2;Aprovado
Aluno_2226;1;20;11;19;13;12.8;Aprovado
Aluno_2228;17;0;12;9;17;11.0;Aprovado
Aluno_2229;14;10;19;12;18;14.6;Aprovado
Aluno_2232;8;6;3;18;17;10.4;Aprovado
Aluno_2233;2;14;19;5;9;9.8;Aprovado
Aluno_2234;20;17;15;18;6;15.2;Aprovado
Aluno_2235;8;11;6;20;17;12.4;Aprovado
Aluno_2236;13;16;10;19;11;13.8;Aprovado
Aluno_2237;18;0;0;18;13;9.8;Aprovado
Aluno_2239;15;0;11;13;15;10.8;Aprovado
Aluno_2243;3;6;15;14;15;10.6;Aprovado
Aluno_2245;7;9;8;13;19;11.2;Aprovado
Aluno_2246;16;3;8;18;16;12.2;Aprovado
Aluno_2248;6;18;12;14;2;10.4;Aprovado
Aluno_2249;19;10;12;3;9;10.6;Aprovado
Aluno_2253;6;10;1;15;18;10.0;Aprovado
Aluno_2254;17;12;12;9;3;10.6;Aprovado
Aluno_2255;4;2;17;18;19;12.0;Aprovado
Aluno_2256;19;11;14;16;2;12.4;Aprovado
Aluno_2259;13;16;0;19;6;10.8;Aprovado
Aluno_2261;4;16;9;12;20;12.2;Aprovado
Aluno_2264;20;19;8;15;9;14.2;Aprovado
Aluno_2266;14;9;15;16;12;13.2;Aprovado
Aluno_2267;20;9;13;17;9;13.6;Aprovado
Aluno_2268;9;7;12;18;20;13.2;Aprovado
Aluno_2272;12;9;15;1;17;10.8;Aprovado
Aluno_2273;20;14;10;0;10;10.8;Aprovado
Aluno_2274;17;4;4;11;16;10.4;Aprovado
Aluno_2275;12;15;12;9;1;9.8;Aprovado
Aluno_2276;20;12;10;7;2;10.2;Aprovado
Aluno_2277;20;19;18;0;10;13.4;Aprovado
Aluno_2278;17;17;2;11;17;12.8;Aprovado
Aluno_2280;12;8;6;9;14;9.8;Aprovado
Aluno_2281;3;15;6;16;10;10.0;Aprovado
Aluno_2284;16;11;12;11;10;12.0;Aprovado
Aluno_2285;10;7;6;7;18;9.6;Aprovado
Aluno_2286;20;8;4;19;0;10.2;Aprovado
Aluno_2287;19;11;17;11;4;12.4;Aprovado
Aluno_2289;3;9;16;16;9;10.6;Aprovado
Aluno_2292;15;19;13;5;3;11.0;Aprovado
Aluno_2296;8;18;15;12;18;14.2;Aprovado
Aluno_2297;19;3;13;14;4;10.6;Aprovado
Aluno_2298;5;1;15;10;19;10.0;Aprovado
Aluno_2301;9;14;16;1;17;11.4;Aprovado
Aluno_2302;12;11;17;11;5;11.2;Aprovado
Aluno_2303;16;4;19;1;9;9.8;Aprovado
Aluno_2304;8;19;15;15;16;14.6;Aprovado
Aluno_2305;16;6;16;20;10;13.6;Aprovado
Aluno_2306;8;20;15;2;18;12.6;Aprovado
Aluno_2307;8;9;18;9;16;12.0;Aprovado
Aluno_2310;15;4;5;6;19;9.8;Aprovado
Aluno_2312;9;13;8;11;13;10.8;Aprovado
Aluno_2314;7;11;11;15;5;9.8;Aprovado
Aluno_2316;10;3;16;16;20;13.0;Aprovado
Aluno_2317;1;12;14;20;11;11.6;Aprovado
Aluno_2321;14;3;15;11;5;9.6;Aprovado
Aluno_2323;12;12;6;11;18;11.8;Aprovado
Aluno_2324;18;3;17;18;7;12.6;Aprovado
Aluno_2325;4;19;14;16;8;12.2;Aprovado
Aluno_2326;11;17;5;19;14;13.2;Aprovado
Aluno_2329;7;12;19;7;6;10.2;Aprovado
Aluno_2332;10;3;5;19;18;11.0;Aprovado
Aluno_2334;12;7;17;8;4;9.6;Aprovado
Aluno_2335;18;18;15;6;18;15.0;Aprovado
Aluno_2338;4;13;10;10;18;11.0;Aprovado
Aluno_2339;19;5;9;7;16;11.2;Aprovado
Aluno_2340;20;11;11;12;9;12.6;Aprovado
Aluno_2341;7;15;20;20;18;16.0;Aprovado
Aluno_2342;13;16;5;14;10;11.6;Aprovado
Aluno_2343;3;12;19;2;14;10.0;Aprovado
Aluno_2344;10;13;4;13;9;9.8;Aprovado
Aluno_2345;19;6;8;14;10;11.4;Aprovado
Aluno_2347;18;14;13;18;2;13.0;Aprovado
Aluno_2348;6;11;7;11;17;10.4;Aprovado
Aluno_2349;18;16;19;19;10;16.4;Aprovado
Aluno_2350;18;8;18;3;19;13.2;Aprovado
Aluno_2351;10;14;13;2;17;11.2;Aprovado
Aluno_2354;7;4;17;14;9;10.2;Aprovado
Aluno_2355;9;12;1;18;20;12.0;Aprovado
Aluno_2356;5;19;10;1;19;10.8;Aprovado
Aluno_2357;14;7;7;11;9;9.6;Aprovado
Aluno_2359;16;14;11;16;14;14.2;Aprovado
Aluno_2360;7;10;1;13;17;9.6;Aprovado
Aluno_2362;8;20;6;2;19;11.0;Aprovado
Aluno_2364;14;16;13;5;2;10.0;Aprovado
Aluno_2365;17;18;6;15;20;15.2;Aprovado
Aluno_2368;3;12;19;20;3;11.4;Aprovado
Aluno_2370;13;2;16;10;14;11.0;Aprovado
Aluno_2373;17;5;16;4;6;9.6;Aprovado
Aluno_2374;9;1;9;12;18;9.8;Aprovado
Aluno_2375;20;12;2;20;11;13.0;Aprovado
Aluno_2377;11;7;17;8;6;9.8;Aprovado
Aluno_2378;7;0;12;16;18;10.6;Aprovado
Aluno_2379;1;19;11;14;12;11.4;Aprovado
Aluno_2380;12;11;16;20;11;14.0;Aprovado
Aluno_2381;20;10;3;6;11;10.0;Aprovado
Aluno_2382;15;6;9;11;12;10.6;Aprovado
Aluno_2384;10;10;5;20;11;11.2;Aprovado
Aluno_2385;9;15;5;15;19;12.6;Aprovado
Aluno_2387;16;19;14;8;5;12.4;Aprovado
Aluno_2389;17;2;3;7;19;9.6;Aprovado
Aluno_2391;7;20;16;11;1;11.0;Aprovado
Aluno_2392;13;14;7;9;6;9.8;Aprovado
Aluno_2393;17;0;7;19;8;10.2;Aprovado
Aluno_2394;19;16;11;19;11;15.2;Aprovado
Aluno_2395;19;1;20;20;4;12.8;Aprovado
Aluno_2396;20;19;7;12;0;11.6;Aprovado
Aluno_2397;11;5;18;18;14;13.2;Aprovado
Aluno_2398;18;7;2;14;7;9.6;Aprovado
Aluno_2399;13;15;17;7;0;10.4;Aprovado
Aluno_2400;16;18;20;20;17;18.2;Aprovado
Aluno_2401;20;0;18;9;12;11.8;Aprovado
Aluno_2405;11;11;15;4;15;11.2;Aprovado
Aluno_2406;8;11;7;15;9;10.0;Aprovado
Aluno_2407;14;19;15;16;3;13.4;Aprovado
Aluno_2408;17;12;17;5;0;10.2;Aprovado
Aluno_2409;20;19;19;19;7;16.8;Aprovado
Aluno_2410;12;8;15;19;4;11.6;Aprovado
Aluno_2411;20;6;10;15;1;10.4;Aprovado
Aluno_2413;13;18;16;19;6;14.4;Aprovado
Aluno_2414;7;18;16;14;16;14.2;Aprovado
Aluno_2415;13;5;11;17;5;10.2;Aprovado
Aluno_2417;11;10;9;18;4;10.4;Aprovado
Aluno_2418;10;12;6;11;14;10.6;Aprovado
Aluno_2419;10;12;13;7;17;11.8;Aprovado
Aluno_2420;12;19;0;5;17;10.6;Aprovado
Aluno_2421;17;14;16;11;20;15.6;Aprovado
Aluno_2422;1;20;3;6;20;10.0;Aprovado
Aluno_2423;20;12;20;17;5;14.8;Aprovado
Aluno_2425;19;18;19;7;16;15.8;Aprovado
Aluno_2426;17;7;6;19;20;13.8;Aprovado
Aluno_2427;14;19;9;13;3;11.6;Aprovado
Aluno_2428;18;7;16;4;11;11.2;Aprovado
Aluno_2429;11;9;6;8;18;10.4;Aprovado
Aluno_2432;4;10;10;15;13;10.4;Aprovado
Aluno_2435;18;19;2;15;1;11.0;Aprovado
Aluno_2437;11;15;3;13;18;12.0;Aprovado
Aluno_2438;14;6;12;13;8;10.6;Aprovado
Aluno_2439;4;18;18;11;6;11.4;Aprovado
Aluno_2443;15;10;15;19;12;14.2;Aprovado
Aluno_2444;7;9;0;20;14;10.0;Aprovado
Aluno_2445;0;10;11;14;13;9.6;Aprovado
Aluno_2449;0;18;12;2;20;10.4;Aprovado
Aluno_2452;2;19;14;15;1;10.2;Aprovado
Aluno_2453;9;5;10;7;18;9.8;Aprovado
Aluno_2455;10;9;6;9;16;10.0;Aprovado
Aluno_2457;20;2;10;10;6;9.6;Aprovado
Aluno_2461;8;14;12;20;13;13.4;Aprovado
Aluno_2462;15;6;4;18;14;11.4;Aprovado
Aluno_2463;12;10;16;11;2;10.2;Aprovado
Aluno_2464;8;6;20;5;14;10.6;Aprovado
Aluno_2465;19;3;11;17;18;13.6;Aprovado
Aluno_2466;3;11;18;12;19;12.6;Aprovado
Aluno_2468;11;13;5;12;7;9.6;Aprovado
Aluno_2469;16;11;7;20;4;11.6;Aprovado
Aluno_2470;13;10;12;7;18;12.0;Aprovado
Aluno_2471;13;18;4;20;3;11.6;Aprovado
Aluno_2472;1;20;1;16;13;10.2;Aprovado
Aluno_2473;20;4;8;8;15;11.0;Aprovado
Aluno_2474;19;13;10;19;19;16.0;Aprovado
Aluno_2475;10;20;5;12;5;10.4;Aprovado
Aluno_2478;5;19;18;1;14;11.4;Aprovado
Aluno_2480;4;10;10;17;10;10.2;Aprovado
Aluno_2482;14;6;6;18;9;10.6;Aprovado
Aluno_2484;19;10;18;17;0;12.8;Aprovado
Aluno_2485;9;8;3;20;15;11.0;Aprovado
Aluno_2487;4;17;16;4;9;10.0;Aprovado
Aluno_2489;20;14;6;12;3;11.0;Aprovado
Aluno_2490;7;18;8;16;2;10.2;Aprovado
Aluno_2493;9;13;18;13;11;12.8;Aprovado
Aluno_2494;5;13;5;13;12;9.6;Aprovado
Aluno_2495;13;2;17;7;11;10.0;Aprovado
Aluno_2497;12;2;10;18;12;10.8;Aprovado
Aluno_2498;19;15;0;13;4;10.2;Aprovado
Aluno_2500;6;19;12;6;20;12.6;Aprovado
Aluno_2502;13;14;19;13;11;14.0;Aprovado
Aluno_2504;4;18;19;10;20;14.2;Aprovado
Aluno_2505;15;5;2;13;18;10.6;Aprovado
Aluno_2506;19;9;17;20;20;17.0;Aprovado
Aluno_2508;1;20;13;2;20;11.2;Aprovado
Aluno_2509;17;19;16;17;5;14.8;Aprovado
Aluno_2512;16;6;4;11;11;9.6;Aprovado
Aluno_2513;13;16;20;14;13;15.2;Aprovado
Aluno_2514;18;17;16;17;5;14.6;Aprovado
Aluno_2520;18;15;19;9;5;13.2;Aprovado
Aluno_2521;15;17;20;14;5;14.2;Aprovado
Aluno_2522;12;5;12;12;19;12.0;Aprovado
Aluno_2523;3;19;4;13;20;11.8;Aprovado
Aluno_2527;19;20;13;0;16;13.6;Aprovado
Aluno_2529;14;3;16;14;4;10.2;Aprovado
Aluno_2530;10;16;20;15;16;15.4;Aprovado
Aluno_2533;16;3;13;5;11;9.6;Aprovado
Aluno_2534;5;0;15;11;18;9.8;Aprovado
Aluno_2535;3;6;19;14;6;9.6;Aprovado
Aluno_2536;19;17;7;3;8;10.8;Aprovado
Aluno_2537;15;8;2;3;20;9.6;Aprovado
Aluno_2538;14;2;18;1;15;10.0;Aprovado
Aluno_2539;14;7;0;11;19;10.2;Aprovado
Aluno_2541;14;3;14;19;11;12.2;Aprovado
Aluno_2542;13;17;9;8;14;12.2;Aprovado
Aluno_2543;10;19;17;8;17;14.2;Aprovado
Aluno_2544;6;10;13;7;18;10.8;Aprovado
Aluno_2545;8;13;16;13;15;13.0;Aprovado
Aluno_2546;15;17;12;0;14;11.6;Aprovado
Aluno_2549;9;14;12;1;14;10.0;Aprovado
Aluno_2550;17;3;13;12;17;12.4;Aprovado
Aluno_2552;12;16;14;19;3;12.8;Aprovado
Aluno_2553;10;6;18;17;16;13.4;Aprovado
Aluno_2554;16;15;16;18;3;13.6;Aprovado
Aluno_2555;12;13;2;15;15;11.4;Aprovado
Aluno_2556;5;15;15;13;14;12.4;Aprovado
Aluno_2557;16;6;13;7;13;11.0;Aprovado
Aluno_2558;12;8;11;11;11;10.6;Aprovado
Aluno_2560;20;10;10;5;9;10.8;Aprovado
Aluno_2561;18;1;16;17;7;11.8;Aprovado
Aluno_2563;2;11;16;7;13;9.8;Aprovado
Aluno_2564;13;3;20;13;16;13.0;Aprovado
Aluno_2565;18;17;19;5;20;15.8;Aprovado
Aluno_2566;4;20;10;9;18;12.2;Aprovado
Aluno_2568;19;0;9;16;14;11.6;Aprovado
Aluno_2569;16;12;9;11;14;12.4;Aprovado
Aluno_2570;20;5;10;16;0;10.2;Aprovado
Aluno_2574;5;18;10;15;9;11.4;Aprovado
Aluno_2576;6;17;4;15;19;12.2;Aprovado
Aluno_2578;17;9;0;10;15;10.2;Aprovado
Aluno_2580;0;9;17;13;14;10.6;Aprovado
Aluno_2582;5;11;14;10;18;11.6;Aprovado
Aluno_2584;13;8;18;12;3;10.8;Aprovado
Aluno_2585;11;20;15;3;20;13.8;Aprovado
Aluno_2589;11;20;9;5;18;12.6;Aprovado
Aluno_2590;9;14;0;17;14;10.8;Aprovado
Aluno_2591;6;1;13;19;15;10.8;Aprovado
Aluno_2593;13;6;11;7;11;9.6;Aprovado
Aluno_2594;9;20;5;7;15;11.2;Aprovado
Aluno_2600;11;17;6;3;14;10.2;Aprovado
Aluno_2602;12;5;3;13;20;10.6;Aprovado
Aluno_2605;19;11;12;18;17;15.4;Aprovado
Aluno_2606;17;10;17;4;14;12.4;Aprovado
Aluno_2607;10;3;8;12;17;10.0;Aprovado
Aluno_2608;20;17;8;19;19;16.6;Aprovado
Aluno_2610;17;16;9;15;4;12.2;Aprovado
Aluno_2613;5;11;14;5;13;9.6;Aprovado
Aluno_2616;10;20;5;1;15;10.2;Aprovado
Aluno_2617;19;15;2;9;20;13.0;Aprovado
Aluno_2618;14;13;10;4;11;10.4;Aprovado
Aluno_2619;15;6;14;17;19;14.2;Aprovado
Aluno_2620;6;18;12;9;17;12.4;Aprovado
Aluno_2621;20;16;19;14;1;14.0;Aprovado
Aluno_2622;9;8;9;8;20;10.8;Aprovado
Aluno_2623;11;12;5;10;12;10.0;Aprovado
Aluno_2624;13;4;14;20;16;13.4;Aprovado
Aluno_2625;4;4;17;16;16;11.4;Aprovado
Aluno_2626;20;9;17;20;15;16.2;Aprovado
Aluno_2627;17;20;6;8;20;14.2;Aprovado
Aluno_2628;4;9;14;15;17;11.8;Aprovado
Aluno_2631;16;6;19;16;16;14.6;Aprovado
Aluno_2632;18;14;8;3;17;12.0;Aprovado
Aluno_2634;20;18;7;0;7;10.4;Aprovado
Aluno_2635;11;9;19;19;12;14.0;Aprovado
Aluno_2639;20;11;5;3;14;10.6;Aprovado
Aluno_2646;10;7;18;15;18;13.6;Aprovado
Aluno_2647;8;19;1;9;14;10.2;Aprovado
Aluno_2648;6;14;20;10;4;10.8;Aprovado
Aluno_2649;16;3;19;11;10;11.8;Aprovado
Aluno_2650;16;18;20;13;17;16.8;Aprovado
Aluno_2653;13;12;19;17;2;12.6;Aprovado
Aluno_2654;5;7;17;20;4;10.6;Aprovado
Aluno_2658;20;15;3;18;5;12.2;Aprovado
Aluno_2660;1;13;10;15;20;11.8;Aprovado
Aluno_2661;15;12;12;11;20;14.0;Aprovado
Aluno_2662;1;20;15;20;13;13.8;Aprovado
Aluno_2663;9;6;12;20;5;10.4;Aprovado
Aluno_2665;15;6;15;16;16;13.6;Aprovado
Aluno_2667;18;1;13;12;14;11.6;Aprovado
Aluno_2669;11;16;16;4;20;13.4;Aprovado
Aluno_2670;14;4;10;17;16;12.2;Aprovado
Aluno_2671;7;11;18;14;6;11.2;Aprovado
Aluno_2673;9;9;10;16;20;12.8;Aprovado
Aluno_2675;18;15;16;1;7;11.4;Aprovado
Aluno_2677;6;7;9;16;18;11.2;Aprovado
Aluno_2678;20;16;10;15;7;13.6;Aprovado
Aluno_2679;19;17;2;16;16;14.0;Aprovado
Aluno_2680;3;11;19;19;18;14.0;Aprovado
Aluno_2681;13;16;9;8;11;11.4;Aprovado
Aluno_2682;19;13;9;4;14;11.8;Aprovado
Aluno_2685;20;8;14;13;12;13.4;Aprovado
Aluno_2686;14;3;9;16;13;11.0;Aprovado
Aluno_2687;19;10;9;18;4;12.0;Aprovado
Aluno_2688;13;5;18;0;15;10.2;Aprovado
Aluno_2691;16;10;1;13;12;10.4;Aprovado
Aluno_2692;1;17;16;5;15;10.8;Aprovado
Aluno_2695;11;13;19;13;15;14.2;Aprovado
Aluno_2698;19;14;13;18;14;15.6;Aprovado
Aluno_2701;6;19;8;3;17;10.6;Aprovado
Aluno_2702;19;0;19;19;13;14.0;Aprovado
Aluno_2703;17;3;20;18;17;15.0;Aprovado
Aluno_2704;10;13;18;9;18;13.6;Aprovado
Aluno_2706;4;15;7;3;19;9.6;Aprovado
Aluno_2710;9;15;8;6;19;11.4;Aprovado
Aluno_2711;7;15;17;17;17;14.6;Aprovado
Aluno_2712;8;6;11;19;17;12.2;Aprovado
Aluno_2713;3;12;9;18;14;11.2;Aprovado
Aluno_2714;4;12;10;8;19;10.6;Aprovado
Aluno_2715;20;4;6;19;18;13.4;Aprovado
Aluno_2716;7;19;8;9;20;12.6;Aprovado
Aluno_2717;8;17;5;12;20;12.4;Aprovado
Aluno_2718;14;14;18;17;1;12.8;Aprovado
Aluno_2719;14;17;15;15;7;13.6;Aprovado
Aluno_2720;15;1;14;16;20;13.2;Aprovado
Aluno_2721;13;9;6;12;10;10.0;Aprovado
Aluno_2722;7;12;15;11;17;12.4;Aprovado
Aluno_2723;17;17;4;9;12;11.8;Aprovado
Aluno_2726;5;14;18;20;16;14.6;Aprovado
Aluno_2727;11;12;4;17;6;10.0;Aprovado
Aluno_2729;6;14;18;15;0;10.6;Aprovado
Aluno_2736;7;13;19;7;17;12.6;Aprovado
Aluno_2737;5;12;17;9;18;12.2;Aprovado
Aluno_2738;0;11;10;15;13;9.8;Aprovado
Aluno_2741;4;18;4;13;16;11.0;Aprovado
Aluno_2743;10;18;12;14;13;13.4;Aprovado
Aluno_2744;4;17;12;16;20;13.8;Aprovado
Aluno_2745;3;11;17;20;7;11.6;Aprovado
Aluno_2747;13;18;15;5;15;13.2;Aprovado
Aluno_2748;18;19;0;13;7;11.4;Aprovado
Aluno_2749;8;16;18;2;9;10.6;Aprovado
Aluno_2752;13;1;6;20;17;11.4;Aprovado
Aluno_2755;12;15;9;7;19;12.4;Aprovado
Aluno_2756;20;5;20;6;14;13.0;Aprovado
Aluno_2757;20;12;8;5;20;13.0;Aprovado
Aluno_2758;12;15;14;1;16;11.6;Aprovado
Aluno_2759;1;15;14;12;7;9.8;Aprovado
Aluno_2761;5;12;4;14;16;10.2;Aprovado
Aluno_2762;4;13;8;8;17;10.0;Aprovado
Aluno_2770;8;5;16;15;16;12.0;Aprovado
Aluno_2771;19;18;0;11;13;12.2;Aprovado
Aluno_2772;5;10;18;14;13;12.0;Aprovado
Aluno_2776;11;17;8;12;0;9.6;Aprovado
Aluno_2777;10;14;13;17;15;13.8;Aprovado
Aluno_2780;11;6;20;14;16;13.4;Aprovado
Aluno_2781;11;12;14;12;17;13.2;Aprovado
Aluno_2783;20;17;3;12;1;10.6;Aprovado
Aluno_2784;1;18;15;4;17;11.0;Aprovado
Aluno_2785;2;14;20;18;15;13.8;Aprovado
Aluno_2786;11;7;3;20;9;10.0;Aprovado
Aluno_2787;15;18;15;17;7;14.4;Aprovado
Aluno_2788;20;9;11;20;11;14.2;Aprovado
Aluno_2790;20;17;18;7;11;14.6;Aprovado
Aluno_2791;2;15;7;14;10;9.6;Aprovado
Aluno_2792;19;19;5;20;19;16.4;Aprovado
Aluno_2793;1;5;9;19;18;10.4;Aprovado
Aluno_2795;18;20;17;1;2;11.6;Aprovado
Aluno_2796;14;12;9;5;11;10.2;Aprovado
Aluno_2797;17;20;9;2;8;11.2;Aprovado
Aluno_2798;10;7;6;6;20;9.8;Aprovado
Aluno_2799;15;15;17;9;4;12.0;Aprovado
Aluno_2802;11;16;20;1;16;12.8;Aprovado
Aluno_2803;10;19;0;16;3;9.6;Aprovado
Aluno_2804;14;4;14;12;14;11.6;Aprovado
Aluno_2807;19;8;9;4;14;10.8;Aprovado
Aluno_2809;1;17;1;17;14;10.0;Aprovado
Aluno_2812;7;10;0;14;17;9.6;Aprovado
Aluno_2816;8;10;19;15;2;10.8;Aprovado
Aluno_2817;19;13;0;11;14;11.4;Aprovado
Aluno_2821;3;20;15;14;0;10.4;Aprovado
Aluno_2823;5;0;16;16;15;10.4;Aprovado
Aluno_2824;14;18;15;6;0;10.6;Aprovado
Aluno_2825;20;17;12;12;20;16.2;Aprovado
Aluno_2827;20;19;16;5;7;13.4;Aprovado
Aluno_2828;20;12;16;12;17;15.4;Aprovado
Aluno_2831;13;3;13;15;9;10.6;Aprovado
Aluno_2832;3;12;10;19;9;10.6;Aprovado
Aluno_2833;11;16;9;16;4;11.2;Aprovado
Aluno_2834;16;10;2;16;11;11.0;Aprovado
Aluno_2836;8;15;14;4;16;11.4;Aprovado
Aluno_2838;12;18;9;19;13;14.2;Aprovado
Aluno_2839;14;18;7;9;2;10.0;Aprovado
Aluno_2840;17;15;20;13;11;15.2;Aprovado
Aluno_2841;18;18;12;0;19;13.4;Aprovado
Aluno_2842;0;8;17;10;17;10.4;Aprovado
Aluno_2845;13;18;16;17;1;13.0;Aprovado
Aluno_2847;13;1;19;9;9;10.2;Aprovado
Aluno_2848;3;15;15;9;17;11.8;Aprovado
Aluno_2849;20;11;8;4;18;12.2;Aprovado
Aluno_2855;16;20;2;7;18;12.6;Aprovado
Aluno_2856;7;5;8;8;20;9.6;Aprovado
Aluno_2860;18;6;10;6;19;11.8;Aprovado
Aluno_2861;13;9;9;16;14;12.2;Aprovado
Aluno_2863;2;19;17;11;19;13.6;Aprovado
Aluno_2865;18;19;1;9;7;10.8;Aprovado
Aluno_2866;8;8;9;19;6;10.0;Aprovado
Aluno_2867;19;14;15;0;7;11.0;Aprovado
Aluno_2870;13;8;20;11;5;11.4;Aprovado
Aluno_2872;18;8;15;9;14;12.8;Aprovado
Aluno_2873;14;3;17;14;4;10.4;Aprovado
Aluno_2874;19;16;12;4;4;11.0;Aprovado
Aluno_2875;13;15;14;16;6;12.8;Aprovado
Aluno_2876;5;14;20;4;8;10.2;Aprovado
Aluno_2880;16;4;13;17;9;11.8;Aprovado
Aluno_2882;0;14;17;18;5;10.8;Aprovado
Aluno_2883;19;17;18;13;13;16.0;Aprovado
Aluno_2884;13;14;14;7;8;11.2;Aprovado
Aluno_2886;20;12;10;2;16;12.0;Aprovado
Aluno_2888;8;9;10;16;6;9.8;Aprovado
Aluno_2889;13;12;19;10;8;12.4;Aprovado
Aluno_2890;8;9;19;7;10;10.6;Aprovado
Aluno_2892;3;7;17;12;11;10.0;Aprovado
Aluno_2893;7;2;17;20;20;13.2;Aprovado
Aluno_2896;13;8;8;13;20;12.4;Aprovado
Aluno_2897;8;20;13;4;9;10.8;Aprovado
Aluno_2898;15;10;18;10;0;10.6;Aprovado
Aluno_2899;16;2;9;16;13;11.2;Aprovado
Aluno_2901;11;9;5;19;5;9.8;Aprovado
Aluno_2904;13;12;14;14;0;10.6;Aprovado
Aluno_2905;17;11;15;18;3;12.8;Aprovado
Aluno_2906;20;4;6;15;3;9.6;Aprovado
Aluno_2907;20;9;16;7;4;11.2;Aprovado
Aluno_2908;4;8;18;12;19;12.2;Aprovado
Aluno_2909;15;19;18;15;8;15.0;Aprovado
Aluno_2910;19;6;16;2;12;11.0;Aprovado
Aluno_2915;20;20;10;1;1;10.4;Aprovado
Aluno_2916;8;13;6;8;15;10.0;Aprovado
Aluno_2917;8;18;18;18;19;16.2;Aprovado
Aluno_2919;2;17;8;4;18;9.8;Aprovado
Aluno_2920;16;19;3;8;4;10.0;Aprovado
Aluno_2926;7;6;8;19;12;10.4;Aprovado
Aluno_2929;13;2;8;11;14;9.6;Aprovado
Aluno_2930;14;2;12;19;17;12.8;Aprovado
Aluno_2931;14;17;20;15;9;15.0;Aprovado
Aluno_2933;18;19;7;13;8;13.0;Aprovado
Aluno_2935;7;18;15;9;19;13.6;Aprovado
Aluno_2936;20;18;1;14;7;12.0;Aprovado
Aluno_2937;18;14;5;6;13;11.2;Aprovado
Aluno_2939;19;8;4;13;19;12.6;Aprovado
Aluno_2940;18;3;8;15;13;11.4;Aprovado
Aluno_2945;12;16;2;13;19;12.4;Aprovado
Aluno_2946;2;18;9;17;6;10.4;Aprovado
Aluno_2948;1;3;10;18;16;9.6;Aprovado
Aluno_2950;8;18;5;11;12;10.8;Aprovado
Aluno_2952;7;15;12;9;15;11.6;Aprovado
Aluno_2953;5;14;16;8;5;9.6;Aprovado
Aluno_2955;17;18;2;12;10;11.8;Aprovado
Aluno_2957;11;17;10;18;2;11.6;Aprovado
Aluno_2959;7;19;2;15;14;11.4;Aprovado
Aluno_2960;18;18;17;5;12;14.0;Aprovado
Aluno_2961;9;9;19;2;9;9.6;Aprovado
Aluno_2962;0;16;14;18;19;13.4;Aprovado
Aluno_2963;12;12;13;5;12;10.8;Aprovado
Aluno_2964;16;12;1;7;16;10.4;Aprovado
Aluno_2969;15;5;18;3;14;11.0;Aprovado
Aluno_2971;19;5;7;12;14;11.4;Aprovado
Aluno_2972;16;16;2;3;13;10.0;Aprovado
Aluno_2973;12;13;2;10;20;11.4;Aprovado
Aluno_2974;5;10;11;18;10;10.8;Aprovado
Aluno_2975;16;18;16;10;3;12.6;Aprovado
Aluno_2978;7;10;13;5;19;10.8;Aprovado
Aluno_2979;10;5;18;11;9;10.6;Aprovado
Aluno_2980;19;13;8;8;12;12.0;Aprovado
Aluno_2981;0;18;20;9;19;13.2;Aprovado
Aluno_2982;6;15;11;2;20;10.8;Aprovado
Aluno_2983;20;20;4;2;17;12.6;Aprovado
Aluno_2984;20;6;10;19;20;15.0;Aprovado
Aluno_2985;16;7;19;15;15;14.4;Aprovado
Aluno_2987;10;19;20;9;9;13.4;Aprovado
Aluno_2988;8;15;14;10;8;11.0;Aprovado
Aluno_2991;16;12;19;19;0;13.2;Aprovado
Aluno_2993;16;7;3;20;13;11.8;Aprovado
Aluno_2994;20;3;11;11;20;13.0;Aprovado
Aluno_2997;8;12;14;12;10;11.2;Aprovado
Aluno_2999;12;6;15;14;14;12.2;Aprovado
Aluno_3000;10;0;15;20;3;9.6;Aprovado
