﻿Nome;Exercício 1;Exercício 2;Exercício 3;Exercício 4;Exercício 5;Media;Situacao
Aluno_4;10;12;11;3;4;8.0;Reprovado
Aluno_7;6;0;9;8;7;6.0;Reprovado
Aluno_9;10;11;0;11;14;9.2;Reprovado
Aluno_12;3;7;4;15;5;6.8;Reprovado
Aluno_13;7;7;8;5;18;9.0;Reprovado
Aluno_18;5;0;15;18;2;8.0;Reprovado
Aluno_19;1;12;2;16;9;8.0;Reprovado
Aluno_21;0;4;14;12;15;9.0;Reprovado
Aluno_32;2;3;14;0;6;5.0;Reprovado
Aluno_37;8;18;3;15;3;9.4;Reprovado
Aluno_38;6;14;7;1;3;6.2;Reprovado
Aluno_43;8;11;8;2;5;6.8;Reprovado
Aluno_45;1;14;7;19;3;8.8;Reprovado
Aluno_50;7;9;1;16;9;8.4;Reprovado
Aluno_51;14;1;14;10;8;9.4;Reprovado
Aluno_54;16;12;1;0;3;6.4;Reprovado
Aluno_59;1;8;7;0;12;5.6;Reprovado
Aluno_60;5;6;1;12;12;7.2;Reprovado
Aluno_65;1;1;20;9;15;9.2;Reprovado
Aluno_67;3;2;2;5;4;3.2;Reprovado
Aluno_70;14;1;17;10;2;8.8;Reprovado
Aluno_73;7;11;16;1;3;7.6;Reprovado
Aluno_75;15;10;1;0;3;5.8;Reprovado
Aluno_76;12;0;3;7;0;4.4;Reprovado
Aluno_79;20;4;1;1;4;6.0;Reprovado
Aluno_80;12;20;5;4;1;8.4;Reprovado
Aluno_84;0;10;4;12;10;7.2;Reprovado
Aluno_86;8;3;15;14;4;8.8;Reprovado
Aluno_87;0;2;18;0;5;5.0;Reprovado
Aluno_88;11;12;8;2;10;8.6;Reprovado
Aluno_89;7;8;4;5;0;4.8;Reprovado
Aluno_93;7;1;9;14;10;8.2;Reprovado
Aluno_94;2;2;1;8;16;5.8;Reprovado
Aluno_95;2;2;8;17;7;7.2;Reprovado
Aluno_96;0;11;10;2;12;7.0;Reprovado
Aluno_99;6;7;5;6;15;7.8;Reprovado
Aluno_100;8;10;13;14;1;9.2;Reprovado
Aluno_101;6;15;0;0;4;5.0;Reprovado
Aluno_103;7;0;6;16;2;6.2;Reprovado
Aluno_104;11;6;0;4;16;7.4;Reprovado
Aluno_105;1;1;0;6;15;4.6;Reprovado
Aluno_106;0;4;0;18;5;5.4;Reprovado
Aluno_108;4;3;3;2;6;3.6;Reprovado
Aluno_110;11;0;10;4;13;7.6;Reprovado
Aluno_111;7;0;0;11;5;4.6;Reprovado
Aluno_113;0;19;8;4;14;9.0;Reprovado
Aluno_114;2;18;3;2;14;7.8;Reprovado
Aluno_115;4;9;5;8;14;8.0;Reprovado
Aluno_117;13;2;1;6;0;4.4;Reprovado
Aluno_118;2;10;17;1;10;8.0;Reprovado
Aluno_119;0;14;9;20;4;9.4;Reprovado
Aluno_123;8;5;12;18;1;8.8;Reprovado
Aluno_126;9;1;10;5;10;7.0;Reprovado
Aluno_127;12;15;6;3;3;7.8;Reprovado
Aluno_132;3;3;18;12;3;7.8;Reprovado
Aluno_133;4;16;1;7;0;5.6;Reprovado
Aluno_138;3;10;9;13;10;9.0;Reprovado
Aluno_139;12;12;6;3;7;8.0;Reprovado
Aluno_140;6;3;7;0;0;3.2;Reprovado
Aluno_142;1;10;0;18;8;7.4;Reprovado
Aluno_143;9;9;3;8;11;8.0;Reprovado
Aluno_151;6;4;8;11;18;9.4;Reprovado
Aluno_153;0;4;11;11;14;8.0;Reprovado
Aluno_154;19;2;9;15;1;9.2;Reprovado
Aluno_157;2;17;5;11;9;8.8;Reprovado
Aluno_159;5;16;5;10;6;8.4;Reprovado
Aluno_160;7;12;7;8;7;8.2;Reprovado
Aluno_166;11;3;18;0;7;7.8;Reprovado
Aluno_168;8;4;10;7;11;8.0;Reprovado
Aluno_174;6;20;0;8;3;7.4;Reprovado
Aluno_178;4;1;5;1;6;3.4;Reprovado
Aluno_184;4;11;11;14;7;9.4;Reprovado
Aluno_185;0;20;1;11;15;9.4;Reprovado
Aluno_186;0;11;2;15;2;6.0;Reprovado
Aluno_188;1;6;0;14;9;6.0;Reprovado
Aluno_191;5;0;5;7;20;7.4;Reprovado
Aluno_192;3;2;4;1;20;6.0;Reprovado
Aluno_193;10;12;0;1;4;5.4;Reprovado
Aluno_195;5;1;0;2;16;4.8;Reprovado
Aluno_200;10;2;7;20;2;8.2;Reprovado
Aluno_202;15;7;0;0;16;7.6;Reprovado
Aluno_203;0;18;3;3;9;6.6;Reprovado
Aluno_204;8;4;9;0;16;7.4;Reprovado
Aluno_207;2;7;6;6;3;4.8;Reprovado
Aluno_211;2;3;11;1;19;7.2;Reprovado
Aluno_214;6;1;13;10;9;7.8;Reprovado
Aluno_216;8;12;3;9;15;9.4;Reprovado
Aluno_217;0;14;13;8;12;9.4;Reprovado
Aluno_218;7;11;13;8;2;8.2;Reprovado
Aluno_222;0;4;1;11;5;4.2;Reprovado
Aluno_226;2;13;4;14;6;7.8;Reprovado
Aluno_227;6;11;11;5;1;6.8;Reprovado
Aluno_228;15;5;5;6;16;9.4;Reprovado
Aluno_234;15;11;5;13;1;9.0;Reprovado
Aluno_237;4;3;5;19;6;7.4;Reprovado
Aluno_239;8;10;0;6;10;6.8;Reprovado
Aluno_240;2;0;12;8;16;7.6;Reprovado
Aluno_244;2;17;0;6;19;8.8;Reprovado
Aluno_246;0;18;3;2;15;7.6;Reprovado
Aluno_250;7;18;0;20;1;9.2;Reprovado
Aluno_252;5;14;5;4;15;8.6;Reprovado
Aluno_255;2;12;2;14;14;8.8;Reprovado
Aluno_257;2;15;2;6;8;6.6;Reprovado
Aluno_262;2;16;6;18;3;9.0;Reprovado
Aluno_263;15;16;2;0;7;8.0;Reprovado
Aluno_265;3;0;10;16;15;8.8;Reprovado
Aluno_266;0;7;6;17;9;7.8;Reprovado
Aluno_268;0;5;0;17;16;7.6;Reprovado
Aluno_269;13;2;13;6;0;6.8;Reprovado
Aluno_273;7;13;9;6;3;7.6;Reprovado
Aluno_274;6;15;6;9;0;7.2;Reprovado
Aluno_275;2;17;1;10;3;6.6;Reprovado
Aluno_276;16;10;3;12;3;8.8;Reprovado
Aluno_277;0;2;20;8;3;6.6;Reprovado
Aluno_279;11;9;0;8;8;7.2;Reprovado
Aluno_282;5;11;14;2;3;7.0;Reprovado
Aluno_283;5;1;9;0;4;3.8;Reprovado
Aluno_286;7;14;15;1;4;8.2;Reprovado
Aluno_287;1;2;8;2;7;4.0;Reprovado
Aluno_289;0;17;16;5;0;7.6;Reprovado
Aluno_292;4;7;1;0;15;5.4;Reprovado
Aluno_293;15;6;3;19;4;9.4;Reprovado
Aluno_295;3;2;6;0;6;3.4;Reprovado
Aluno_297;16;3;14;1;0;6.8;Reprovado
Aluno_298;16;4;0;14;8;8.4;Reprovado
Aluno_303;2;7;10;5;9;6.6;Reprovado
Aluno_305;4;4;5;8;12;6.6;Reprovado
Aluno_307;13;0;12;19;2;9.2;Reprovado
Aluno_308;20;3;7;1;14;9.0;Reprovado
Aluno_309;2;2;13;5;16;7.6;Reprovado
Aluno_310;0;1;0;17;13;6.2;Reprovado
Aluno_313;0;1;1;20;15;7.4;Reprovado
Aluno_316;9;3;16;12;3;8.6;Reprovado
Aluno_322;1;13;10;18;4;9.2;Reprovado
Aluno_326;7;12;9;11;1;8.0;Reprovado
Aluno_327;0;18;12;3;10;8.6;Reprovado
Aluno_328;8;5;16;9;6;8.8;Reprovado
Aluno_330;15;1;9;3;7;7.0;Reprovado
Aluno_331;6;7;15;11;4;8.6;Reprovado
Aluno_333;2;1;4;3;15;5.0;Reprovado
Aluno_337;3;1;8;1;4;3.4;Reprovado
Aluno_340;0;14;3;7;14;7.6;Reprovado
Aluno_341;7;1;17;2;6;6.6;Reprovado
Aluno_344;13;7;10;15;0;9.0;Reprovado
Aluno_345;11;13;11;6;5;9.2;Reprovado
Aluno_346;18;6;8;2;2;7.2;Reprovado
Aluno_348;1;6;14;8;11;8.0;Reprovado
Aluno_349;1;0;14;4;10;5.8;Reprovado
Aluno_357;4;18;2;6;9;7.8;Reprovado
Aluno_358;0;16;1;9;15;8.2;Reprovado
Aluno_359;7;9;0;5;1;4.4;Reprovado
Aluno_364;6;19;0;4;11;8.0;Reprovado
Aluno_371;7;14;7;12;1;8.2;Reprovado
Aluno_373;15;12;3;5;1;7.2;Reprovado
Aluno_376;9;11;13;3;2;7.6;Reprovado
Aluno_378;16;1;3;4;15;7.8;Reprovado
Aluno_380;4;1;0;19;18;8.4;Reprovado
Aluno_382;8;8;9;14;8;9.4;Reprovado
Aluno_385;0;14;7;12;6;7.8;Reprovado
Aluno_386;0;16;6;10;15;9.4;Reprovado
Aluno_388;1;5;15;8;18;9.4;Reprovado
Aluno_393;0;5;13;17;4;7.8;Reprovado
Aluno_396;4;10;6;0;7;5.4;Reprovado
Aluno_397;2;0;0;6;18;5.2;Reprovado
Aluno_400;18;8;2;2;2;6.4;Reprovado
Aluno_403;4;3;10;1;1;3.8;Reprovado
Aluno_404;14;3;1;13;4;7.0;Reprovado
Aluno_413;6;11;1;0;19;7.4;Reprovado
Aluno_414;3;18;11;3;7;8.4;Reprovado
Aluno_415;0;4;20;0;16;8.0;Reprovado
Aluno_418;4;9;7;13;11;8.8;Reprovado
Aluno_419;3;14;1;10;0;5.6;Reprovado
Aluno_420;1;20;9;9;3;8.4;Reprovado
Aluno_422;9;10;14;3;0;7.2;Reprovado
Aluno_425;4;0;15;20;0;7.8;Reprovado
Aluno_426;12;11;1;12;10;9.2;Reprovado
Aluno_427;3;10;19;8;1;8.2;Reprovado
Aluno_430;1;14;2;5;15;7.4;Reprovado
Aluno_431;16;8;11;0;9;8.8;Reprovado
Aluno_436;0;11;15;17;2;9.0;Reprovado
Aluno_440;4;4;13;4;2;5.4;Reprovado
Aluno_441;11;15;5;3;8;8.4;Reprovado
Aluno_442;2;6;12;1;10;6.2;Reprovado
Aluno_443;0;8;3;6;20;7.4;Reprovado
Aluno_444;0;2;17;9;12;8.0;Reprovado
Aluno_450;11;11;6;12;1;8.2;Reprovado
Aluno_451;13;8;15;0;7;8.6;Reprovado
Aluno_452;1;6;18;0;5;6.0;Reprovado
Aluno_456;16;4;10;12;5;9.4;Reprovado
Aluno_457;7;12;4;0;12;7.0;Reprovado
Aluno_458;9;3;15;4;13;8.8;Reprovado
Aluno_459;1;1;6;8;20;7.2;Reprovado
Aluno_462;6;8;14;7;12;9.4;Reprovado
Aluno_463;3;5;2;16;11;7.4;Reprovado
Aluno_465;17;0;20;0;3;8.0;Reprovado
Aluno_466;12;3;4;11;6;7.2;Reprovado
Aluno_467;10;12;8;4;1;7.0;Reprovado
Aluno_468;3;12;14;5;6;8.0;Reprovado
Aluno_469;20;12;2;0;8;8.4;Reprovado
Aluno_470;3;1;5;0;4;2.6;Reprovado
Aluno_473;8;6;7;2;3;5.2;Reprovado
Aluno_476;2;2;5;10;6;5.0;Reprovado
Aluno_478;3;11;9;1;16;8.0;Reprovado
Aluno_482;4;0;9;3;0;3.2;Reprovado
Aluno_483;11;3;11;16;1;8.4;Reprovado
Aluno_486;2;2;13;19;5;8.2;Reprovado
Aluno_487;8;12;1;17;6;8.8;Reprovado
Aluno_494;16;9;0;4;2;6.2;Reprovado
Aluno_495;3;13;11;13;2;8.4;Reprovado
Aluno_497;8;4;3;14;13;8.4;Reprovado
Aluno_498;18;5;9;0;15;9.4;Reprovado
Aluno_500;8;16;1;10;3;7.6;Reprovado
Aluno_504;18;2;17;1;4;8.4;Reprovado
Aluno_505;14;2;4;0;1;4.2;Reprovado
Aluno_507;20;5;1;11;1;7.6;Reprovado
Aluno_511;19;10;1;9;2;8.2;Reprovado
Aluno_512;20;3;5;11;4;8.6;Reprovado
Aluno_513;3;5;7;13;2;6.0;Reprovado
Aluno_516;6;15;11;2;9;8.6;Reprovado
Aluno_520;6;11;10;9;2;7.6;Reprovado
Aluno_522;4;9;3;6;7;5.8;Reprovado
Aluno_523;2;14;9;3;9;7.4;Reprovado
Aluno_527;14;5;7;19;1;9.2;Reprovado
Aluno_528;11;6;3;3;20;8.6;Reprovado
Aluno_531;11;6;13;10;6;9.2;Reprovado
Aluno_533;5;11;17;8;4;9.0;Reprovado
Aluno_534;6;15;20;5;0;9.2;Reprovado
Aluno_542;4;14;0;2;14;6.8;Reprovado
Aluno_543;4;18;5;3;9;7.8;Reprovado
Aluno_546;7;7;11;20;2;9.4;Reprovado
Aluno_547;15;0;9;3;1;5.6;Reprovado
Aluno_548;12;7;5;18;5;9.4;Reprovado
Aluno_552;6;2;5;11;3;5.4;Reprovado
Aluno_553;12;8;18;3;2;8.6;Reprovado
Aluno_554;3;1;9;10;8;6.2;Reprovado
Aluno_555;3;1;7;4;16;6.2;Reprovado
Aluno_559;6;3;6;5;11;6.2;Reprovado
Aluno_560;9;7;0;20;0;7.2;Reprovado
Aluno_563;2;19;11;10;5;9.4;Reprovado
Aluno_569;8;11;9;7;1;7.2;Reprovado
Aluno_570;6;6;9;10;14;9.0;Reprovado
Aluno_571;0;9;10;9;11;7.8;Reprovado
Aluno_572;2;9;1;12;6;6.0;Reprovado
Aluno_575;0;10;6;2;12;6.0;Reprovado
Aluno_579;11;7;1;6;19;8.8;Reprovado
Aluno_584;15;0;1;17;14;9.4;Reprovado
Aluno_586;10;14;2;17;0;8.6;Reprovado
Aluno_588;3;5;17;10;2;7.4;Reprovado
Aluno_589;2;14;17;0;13;9.2;Reprovado
Aluno_598;0;8;1;13;7;5.8;Reprovado
Aluno_600;2;0;0;10;3;3.0;Reprovado
Aluno_603;11;1;7;16;0;7.0;Reprovado
Aluno_604;9;14;3;5;7;7.6;Reprovado
Aluno_607;5;4;17;8;6;8.0;Reprovado
Aluno_611;3;13;0;4;10;6.0;Reprovado
Aluno_615;8;2;7;2;11;6.0;Reprovado
Aluno_618;8;11;4;3;9;7.0;Reprovado
Aluno_621;19;11;2;0;8;8.0;Reprovado
Aluno_631;14;8;1;11;3;7.4;Reprovado
Aluno_632;1;15;4;9;6;7.0;Reprovado
Aluno_633;9;3;6;7;3;5.6;Reprovado
Aluno_636;4;11;7;3;13;7.6;Reprovado
Aluno_638;0;4;14;19;9;9.2;Reprovado
Aluno_641;16;5;4;3;4;6.4;Reprovado
Aluno_645;12;11;12;2;7;8.8;Reprovado
Aluno_646;0;18;8;9;5;8.0;Reprovado
Aluno_650;0;10;14;0;10;6.8;Reprovado
Aluno_653;5;1;7;11;4;5.6;Reprovado
Aluno_654;16;1;2;0;5;4.8;Reprovado
Aluno_655;4;7;14;2;18;9.0;Reprovado
Aluno_657;5;9;3;4;15;7.2;Reprovado
Aluno_659;20;3;5;0;4;6.4;Reprovado
Aluno_660;4;14;0;3;8;5.8;Reprovado
Aluno_661;20;0;3;3;2;5.6;Reprovado
Aluno_662;4;10;10;16;7;9.4;Reprovado
Aluno_663;9;6;11;13;5;8.8;Reprovado
Aluno_669;8;4;16;8;9;9.0;Reprovado
Aluno_670;13;9;6;3;13;8.8;Reprovado
Aluno_671;0;3;7;20;12;8.4;Reprovado
Aluno_672;18;4;12;4;8;9.2;Reprovado
Aluno_675;3;20;7;8;4;8.4;Reprovado
Aluno_676;0;9;15;2;17;8.6;Reprovado
Aluno_678;7;1;9;10;1;5.6;Reprovado
Aluno_679;1;7;11;8;2;5.8;Reprovado
Aluno_681;6;4;4;2;2;3.6;Reprovado
Aluno_682;1;2;15;0;3;4.2;Reprovado
Aluno_683;2;11;0;19;5;7.4;Reprovado
Aluno_686;0;9;4;16;9;7.6;Reprovado
Aluno_687;11;3;19;13;0;9.2;Reprovado
Aluno_688;4;8;2;16;16;9.2;Reprovado
Aluno_692;14;6;1;0;8;5.8;Reprovado
Aluno_694;20;2;6;5;11;8.8;Reprovado
Aluno_699;6;2;10;6;10;6.8;Reprovado
Aluno_700;5;16;9;0;7;7.4;Reprovado
Aluno_701;1;6;5;0;5;3.4;Reprovado
Aluno_702;5;13;3;4;20;9.0;Reprovado
Aluno_704;1;17;0;15;6;7.8;Reprovado
Aluno_710;5;3;9;9;1;5.4;Reprovado
Aluno_711;0;0;10;9;20;7.8;Reprovado
Aluno_713;9;0;5;12;6;6.4;Reprovado
Aluno_717;3;9;18;1;6;7.4;Reprovado
Aluno_722;19;0;15;0;11;9.0;Reprovado
Aluno_723;4;16;7;1;8;7.2;Reprovado
Aluno_724;1;1;3;0;19;4.8;Reprovado
Aluno_725;5;12;11;4;12;8.8;Reprovado
Aluno_727;1;3;3;6;19;6.4;Reprovado
Aluno_728;12;4;4;12;8;8.0;Reprovado
Aluno_729;10;10;2;17;3;8.4;Reprovado
Aluno_732;10;2;17;0;0;5.8;Reprovado
Aluno_738;7;14;3;3;12;7.8;Reprovado
Aluno_739;3;6;8;1;8;5.2;Reprovado
Aluno_741;3;4;17;0;5;5.8;Reprovado
Aluno_742;2;20;14;4;0;8.0;Reprovado
Aluno_743;2;13;9;5;4;6.6;Reprovado
Aluno_744;17;3;15;1;2;7.6;Reprovado
Aluno_745;18;9;11;0;3;8.2;Reprovado
Aluno_748;4;17;1;0;8;6.0;Reprovado
Aluno_750;9;12;0;7;17;9.0;Reprovado
Aluno_752;5;8;16;15;3;9.4;Reprovado
Aluno_754;4;18;2;12;2;7.6;Reprovado
Aluno_758;1;13;16;11;3;8.8;Reprovado
Aluno_759;16;3;5;0;17;8.2;Reprovado
Aluno_761;12;2;16;8;3;8.2;Reprovado
Aluno_762;8;4;8;2;13;7.0;Reprovado
Aluno_764;14;2;6;8;7;7.4;Reprovado
Aluno_765;10;14;1;9;9;8.6;Reprovado
Aluno_767;16;3;7;15;6;9.4;Reprovado
Aluno_768;3;1;14;17;11;9.2;Reprovado
Aluno_769;0;9;14;13;2;7.6;Reprovado
Aluno_770;7;3;7;2;3;4.4;Reprovado
Aluno_771;16;2;15;1;9;8.6;Reprovado
Aluno_772;2;1;18;0;3;4.8;Reprovado
Aluno_782;6;9;11;10;11;9.4;Reprovado
Aluno_783;2;7;3;0;15;5.4;Reprovado
Aluno_784;14;6;2;20;0;8.4;Reprovado
Aluno_789;17;2;11;4;0;6.8;Reprovado
Aluno_791;2;14;3;0;9;5.6;Reprovado
Aluno_796;6;3;15;9;0;6.6;Reprovado
Aluno_802;19;4;4;3;13;8.6;Reprovado
Aluno_807;12;14;13;3;0;8.4;Reprovado
Aluno_814;7;16;11;3;8;9.0;Reprovado
Aluno_818;18;1;3;6;13;8.2;Reprovado
Aluno_819;9;8;1;0;14;6.4;Reprovado
Aluno_821;4;10;4;10;5;6.6;Reprovado
Aluno_824;1;3;8;1;1;2.8;Reprovado
Aluno_827;4;14;4;19;5;9.2;Reprovado
Aluno_828;0;20;9;13;4;9.2;Reprovado
Aluno_829;20;4;9;0;4;7.4;Reprovado
Aluno_830;20;5;5;9;0;7.8;Reprovado
Aluno_832;5;0;20;3;5;6.6;Reprovado
Aluno_834;3;3;0;15;6;5.4;Reprovado
Aluno_836;8;8;6;0;4;5.2;Reprovado
Aluno_837;2;1;13;15;13;8.8;Reprovado
Aluno_840;4;6;16;8;6;8.0;Reprovado
Aluno_841;3;5;8;8;12;7.2;Reprovado
Aluno_842;5;0;16;8;12;8.2;Reprovado
Aluno_843;1;14;4;16;7;8.4;Reprovado
Aluno_846;3;1;5;7;18;6.8;Reprovado
Aluno_849;16;12;3;0;12;8.6;Reprovado
Aluno_850;5;5;17;0;10;7.4;Reprovado
Aluno_851;18;5;0;11;0;6.8;Reprovado
Aluno_852;1;19;12;5;1;7.6;Reprovado
Aluno_854;10;20;0;4;7;8.2;Reprovado
Aluno_855;7;2;10;15;1;7.0;Reprovado
Aluno_859;4;15;9;0;7;7.0;Reprovado
Aluno_861;3;12;0;7;15;7.4;Reprovado
Aluno_862;18;0;6;2;12;7.6;Reprovado
Aluno_864;0;2;15;7;6;6.0;Reprovado
Aluno_869;0;16;4;0;17;7.4;Reprovado
Aluno_873;10;2;5;15;15;9.4;Reprovado
Aluno_875;12;13;0;14;8;9.4;Reprovado
Aluno_876;10;0;0;5;8;4.6;Reprovado
Aluno_877;2;13;12;8;12;9.4;Reprovado
Aluno_878;0;1;2;6;3;2.4;Reprovado
Aluno_879;5;3;9;13;8;7.6;Reprovado
Aluno_882;4;0;8;15;18;9.0;Reprovado
Aluno_890;0;5;11;12;16;8.8;Reprovado
Aluno_891;4;7;12;7;15;9.0;Reprovado
Aluno_892;8;12;1;4;5;6.0;Reprovado
Aluno_895;10;18;5;2;1;7.2;Reprovado
Aluno_905;10;4;6;3;7;6.0;Reprovado
Aluno_906;8;7;9;12;0;7.2;Reprovado
Aluno_907;1;6;9;16;2;6.8;Reprovado
Aluno_909;2;2;8;13;1;5.2;Reprovado
Aluno_911;0;15;14;4;0;6.6;Reprovado
Aluno_912;7;18;1;13;8;9.4;Reprovado
Aluno_913;7;18;3;2;15;9.0;Reprovado
Aluno_916;4;15;4;12;0;7.0;Reprovado
Aluno_917;13;7;6;9;0;7.0;Reprovado
Aluno_918;2;0;17;12;6;7.4;Reprovado
Aluno_920;4;11;6;8;14;8.6;Reprovado
Aluno_923;13;4;3;16;6;8.4;Reprovado
Aluno_924;3;11;7;3;15;7.8;Reprovado
Aluno_926;9;5;3;8;13;7.6;Reprovado
Aluno_928;7;4;4;1;11;5.4;Reprovado
Aluno_930;6;4;3;20;12;9.0;Reprovado
Aluno_931;7;0;8;10;19;8.8;Reprovado
Aluno_934;5;8;13;0;3;5.8;Reprovado
Aluno_935;0;18;4;16;1;7.8;Reprovado
Aluno_937;0;1;9;3;1;2.8;Reprovado
Aluno_939;0;6;11;12;18;9.4;Reprovado
Aluno_941;1;0;16;6;19;8.4;Reprovado
Aluno_945;7;14;0;8;9;7.6;Reprovado
Aluno_950;5;9;18;1;12;9.0;Reprovado
Aluno_954;7;16;0;14;9;9.2;Reprovado
Aluno_955;9;1;20;12;1;8.6;Reprovado
Aluno_959;0;4;9;13;17;8.6;Reprovado
Aluno_961;6;19;6;10;1;8.4;Reprovado
Aluno_963;5;16;15;3;4;8.6;Reprovado
Aluno_965;4;11;17;0;10;8.4;Reprovado
Aluno_966;0;6;6;4;9;5.0;Reprovado
Aluno_967;3;2;16;12;10;8.6;Reprovado
Aluno_968;1;9;17;0;1;5.6;Reprovado
Aluno_969;9;1;11;7;14;8.4;Reprovado
Aluno_970;4;2;7;2;6;4.2;Reprovado
Aluno_971;9;15;1;2;8;7.0;Reprovado
Aluno_972;0;1;6;6;4;3.4;Reprovado
Aluno_973;5;9;3;3;6;5.2;Reprovado
Aluno_975;14;10;5;14;1;8.8;Reprovado
Aluno_976;3;6;8;7;2;5.2;Reprovado
Aluno_977;12;14;8;2;1;7.4;Reprovado
Aluno_980;7;8;18;10;3;9.2;Reprovado
Aluno_983;3;18;4;5;6;7.2;Reprovado
Aluno_985;12;2;3;0;18;7.0;Reprovado
Aluno_986;1;14;6;9;15;9.0;Reprovado
Aluno_989;3;1;1;3;13;4.2;Reprovado
Aluno_990;3;2;10;10;14;7.8;Reprovado
Aluno_992;4;14;15;0;6;7.8;Reprovado
Aluno_995;9;0;3;18;9;7.8;Reprovado
Aluno_997;5;5;0;15;5;6.0;Reprovado
Aluno_998;5;8;6;3;16;7.6;Reprovado
Aluno_999;7;3;11;0;16;7.4;Reprovado
Aluno_1002;10;0;11;0;4;5.0;Reprovado
Aluno_1004;12;9;9;4;6;8.0;Reprovado
Aluno_1007;0;18;6;7;4;7.0;Reprovado
Aluno_1009;7;20;1;6;13;9.4;Reprovado
Aluno_1013;3;0;16;3;5;5.4;Reprovado
Aluno_1015;3;12;6;8;18;9.4;Reprovado
Aluno_1016;4;3;8;20;11;9.2;Reprovado
Aluno_1017;4;6;18;12;3;8.6;Reprovado
Aluno_1019;9;8;1;13;10;8.2;Reprovado
Aluno_1020;16;3;5;9;3;7.2;Reprovado
Aluno_1022;18;0;5;4;7;6.8;Reprovado
Aluno_1024;7;3;18;1;1;6.0;Reprovado
Aluno_1025;8;8;1;12;10;7.8;Reprovado
Aluno_1031;13;5;4;7;9;7.6;Reprovado
Aluno_1033;0;9;2;1;6;3.6;Reprovado
Aluno_1035;7;17;9;5;7;9.0;Reprovado
Aluno_1041;8;3;6;7;16;8.0;Reprovado
Aluno_1042;9;8;12;3;1;6.6;Reprovado
Aluno_1044;20;16;3;7;0;9.2;Reprovado
Aluno_1046;2;8;6;1;10;5.4;Reprovado
Aluno_1051;6;7;4;18;7;8.4;Reprovado
Aluno_1052;17;6;9;7;5;8.8;Reprovado
Aluno_1058;6;0;3;17;7;6.6;Reprovado
Aluno_1060;5;4;2;1;13;5.0;Reprovado
Aluno_1062;0;15;4;11;2;6.4;Reprovado
Aluno_1063;16;1;7;1;6;6.2;Reprovado
Aluno_1065;17;10;2;0;3;6.4;Reprovado
Aluno_1068;6;0;12;8;19;9.0;Reprovado
Aluno_1071;8;17;13;5;4;9.4;Reprovado
Aluno_1073;19;9;5;9;3;9.0;Reprovado
Aluno_1077;0;3;16;17;1;7.4;Reprovado
Aluno_1080;18;2;8;14;4;9.2;Reprovado
Aluno_1084;7;13;1;10;7;7.6;Reprovado
Aluno_1092;1;10;4;15;1;6.2;Reprovado
Aluno_1093;16;6;19;4;2;9.4;Reprovado
Aluno_1095;5;0;6;9;18;7.6;Reprovado
Aluno_1097;3;8;8;4;4;5.4;Reprovado
Aluno_1100;6;1;11;2;3;4.6;Reprovado
Aluno_1102;9;5;9;12;6;8.2;Reprovado
Aluno_1103;9;7;0;9;3;5.6;Reprovado
Aluno_1104;18;3;7;1;1;6.0;Reprovado
Aluno_1106;1;10;12;7;2;6.4;Reprovado
Aluno_1107;0;4;2;3;14;4.6;Reprovado
Aluno_1108;17;14;2;11;0;8.8;Reprovado
Aluno_1109;6;17;4;14;1;8.4;Reprovado
Aluno_1110;7;1;10;7;9;6.8;Reprovado
Aluno_1111;0;10;6;6;15;7.4;Reprovado
Aluno_1116;2;3;1;20;5;6.2;Reprovado
Aluno_1117;18;14;2;0;13;9.4;Reprovado
Aluno_1118;0;0;7;18;16;8.2;Reprovado
Aluno_1119;14;2;10;0;17;8.6;Reprovado
Aluno_1121;1;5;6;9;18;7.8;Reprovado
Aluno_1124;13;5;5;8;7;7.6;Reprovado
Aluno_1125;10;5;8;2;6;6.2;Reprovado
Aluno_1127;3;15;1;5;11;7.0;Reprovado
Aluno_1131;13;20;6;4;0;8.6;Reprovado
Aluno_1136;6;14;5;11;3;7.8;Reprovado
Aluno_1140;15;3;1;11;1;6.2;Reprovado
Aluno_1142;3;0;14;6;12;7.0;Reprovado
Aluno_1148;19;12;0;1;2;6.8;Reprovado
Aluno_1149;10;13;17;0;1;8.2;Reprovado
Aluno_1150;9;4;14;6;0;6.6;Reprovado
Aluno_1151;1;3;4;10;13;6.2;Reprovado
Aluno_1152;2;13;6;10;16;9.4;Reprovado
Aluno_1156;4;6;4;6;13;6.6;Reprovado
Aluno_1157;5;15;18;6;1;9.0;Reprovado
Aluno_1158;8;0;9;9;6;6.4;Reprovado
Aluno_1162;2;5;11;2;20;8.0;Reprovado
Aluno_1164;11;12;0;11;1;7.0;Reprovado
Aluno_1165;16;2;15;3;0;7.2;Reprovado
Aluno_1169;17;9;1;3;14;8.8;Reprovado
Aluno_1173;8;2;4;0;5;3.8;Reprovado
Aluno_1174;7;8;20;2;8;9.0;Reprovado
Aluno_1175;1;14;6;4;6;6.2;Reprovado
Aluno_1178;8;13;12;8;3;8.8;Reprovado
Aluno_1179;10;19;6;2;8;9.0;Reprovado
Aluno_1181;3;15;14;2;11;9.0;Reprovado
Aluno_1183;1;16;5;1;19;8.4;Reprovado
Aluno_1184;4;7;4;14;13;8.4;Reprovado
Aluno_1193;1;10;3;9;17;8.0;Reprovado
Aluno_1197;11;9;0;7;17;8.8;Reprovado
Aluno_1200;20;3;0;4;20;9.4;Reprovado
Aluno_1201;5;1;20;1;5;6.4;Reprovado
Aluno_1202;7;8;6;9;15;9.0;Reprovado
Aluno_1210;16;7;0;9;8;8.0;Reprovado
Aluno_1211;20;10;2;11;2;9.0;Reprovado
Aluno_1212;13;8;2;5;19;9.4;Reprovado
Aluno_1213;1;14;6;11;6;7.6;Reprovado
Aluno_1214;10;0;0;9;17;7.2;Reprovado
Aluno_1215;0;0;10;17;11;7.6;Reprovado
Aluno_1218;3;9;2;8;16;7.6;Reprovado
Aluno_1221;10;9;17;7;0;8.6;Reprovado
Aluno_1222;7;0;11;10;1;5.8;Reprovado
Aluno_1224;3;1;4;8;1;3.4;Reprovado
Aluno_1226;6;12;1;2;8;5.8;Reprovado
Aluno_1227;7;0;1;16;8;6.4;Reprovado
Aluno_1228;2;1;5;1;12;4.2;Reprovado
Aluno_1229;1;15;9;14;5;8.8;Reprovado
Aluno_1237;2;6;15;5;7;7.0;Reprovado
Aluno_1239;10;4;2;16;7;7.8;Reprovado
Aluno_1240;16;16;9;2;1;8.8;Reprovado
Aluno_1242;10;6;13;2;15;9.2;Reprovado
Aluno_1245;1;20;5;10;11;9.4;Reprovado
Aluno_1248;8;16;4;4;7;7.8;Reprovado
Aluno_1251;0;14;0;16;2;6.4;Reprovado
Aluno_1253;7;10;4;2;14;7.4;Reprovado
Aluno_1256;2;0;14;2;12;6.0;Reprovado
Aluno_1261;11;18;1;14;3;9.4;Reprovado
Aluno_1263;5;6;5;19;7;8.4;Reprovado
Aluno_1267;4;1;7;18;10;8.0;Reprovado
Aluno_1271;9;2;5;0;20;7.2;Reprovado
Aluno_1277;7;18;7;5;2;7.8;Reprovado
Aluno_1281;15;5;8;0;9;7.4;Reprovado
Aluno_1283;7;14;9;0;4;6.8;Reprovado
Aluno_1285;11;3;3;8;8;6.6;Reprovado
Aluno_1289;14;12;6;5;6;8.6;Reprovado
Aluno_1296;13;9;13;3;7;9.0;Reprovado
Aluno_1297;14;2;20;2;6;8.8;Reprovado
Aluno_1298;20;18;0;0;1;7.8;Reprovado
Aluno_1299;6;2;8;17;12;9.0;Reprovado
Aluno_1303;7;19;10;0;0;7.2;Reprovado
Aluno_1307;6;1;6;4;2;3.8;Reprovado
Aluno_1308;2;16;9;12;4;8.6;Reprovado
Aluno_1310;9;1;8;5;7;6.0;Reprovado
Aluno_1313;13;3;8;12;8;8.8;Reprovado
Aluno_1317;1;15;9;15;0;8.0;Reprovado
Aluno_1319;4;6;2;8;19;7.8;Reprovado
Aluno_1323;6;4;1;16;7;6.8;Reprovado
Aluno_1325;16;11;1;12;2;8.4;Reprovado
Aluno_1326;3;6;11;11;5;7.2;Reprovado
Aluno_1331;12;2;19;3;0;7.2;Reprovado
Aluno_1333;11;3;0;6;11;6.2;Reprovado
Aluno_1335;2;4;0;14;11;6.2;Reprovado
Aluno_1337;1;9;19;2;3;6.8;Reprovado
Aluno_1341;2;10;2;6;19;7.8;Reprovado
Aluno_1343;13;7;10;6;4;8.0;Reprovado
Aluno_1347;11;1;0;3;17;6.4;Reprovado
Aluno_1349;11;9;2;4;0;5.2;Reprovado
Aluno_1354;4;16;16;2;8;9.2;Reprovado
Aluno_1355;0;1;18;10;1;6.0;Reprovado
Aluno_1361;3;5;0;9;12;5.8;Reprovado
Aluno_1364;15;5;3;4;0;5.4;Reprovado
Aluno_1365;0;2;10;2;12;5.2;Reprovado
Aluno_1366;20;0;4;7;0;6.2;Reprovado
Aluno_1370;14;12;10;2;2;8.0;Reprovado
Aluno_1372;3;6;1;8;4;4.4;Reprovado
Aluno_1374;4;6;8;11;11;8.0;Reprovado
Aluno_1377;5;14;6;17;4;9.2;Reprovado
Aluno_1378;6;3;6;8;4;5.4;Reprovado
Aluno_1379;13;5;2;1;8;5.8;Reprovado
Aluno_1381;12;4;6;2;16;8.0;Reprovado
Aluno_1384;19;0;4;3;0;5.2;Reprovado
Aluno_1390;12;2;3;16;0;6.6;Reprovado
Aluno_1396;16;5;0;1;10;6.4;Reprovado
Aluno_1397;2;13;2;13;5;7.0;Reprovado
Aluno_1398;5;7;15;3;10;8.0;Reprovado
Aluno_1399;4;6;3;16;12;8.2;Reprovado
Aluno_1402;16;5;0;2;20;8.6;Reprovado
Aluno_1403;8;17;4;11;2;8.4;Reprovado
Aluno_1404;2;1;18;7;3;6.2;Reprovado
Aluno_1407;9;0;19;9;6;8.6;Reprovado
Aluno_1408;2;5;4;11;14;7.2;Reprovado
Aluno_1411;16;11;3;9;5;8.8;Reprovado
Aluno_1412;2;10;3;2;1;3.6;Reprovado
Aluno_1413;2;9;3;19;13;9.2;Reprovado
Aluno_1414;5;2;19;9;8;8.6;Reprovado
Aluno_1419;13;12;8;1;11;9.0;Reprovado
Aluno_1421;1;2;1;19;17;8.0;Reprovado
Aluno_1423;8;10;3;6;16;8.6;Reprovado
Aluno_1429;9;2;16;9;10;9.2;Reprovado
Aluno_1432;7;17;8;2;11;9.0;Reprovado
Aluno_1434;10;3;16;14;0;8.6;Reprovado
Aluno_1435;1;14;4;5;12;7.2;Reprovado
Aluno_1438;7;2;15;6;13;8.6;Reprovado
Aluno_1440;15;4;13;0;15;9.4;Reprovado
Aluno_1442;5;9;2;14;5;7.0;Reprovado
Aluno_1444;15;3;14;0;0;6.4;Reprovado
Aluno_1447;12;1;1;2;20;7.2;Reprovado
Aluno_1454;7;13;3;0;14;7.4;Reprovado
Aluno_1456;7;4;6;5;13;7.0;Reprovado
Aluno_1457;12;4;13;7;5;8.2;Reprovado
Aluno_1459;0;20;2;4;19;9.0;Reprovado
Aluno_1460;5;11;4;6;5;6.2;Reprovado
Aluno_1464;0;9;10;14;1;6.8;Reprovado
Aluno_1466;8;5;4;4;13;6.8;Reprovado
Aluno_1468;10;10;9;1;13;8.6;Reprovado
Aluno_1469;12;10;8;6;1;7.4;Reprovado
Aluno_1471;9;17;0;15;3;8.8;Reprovado
Aluno_1472;3;10;3;16;0;6.4;Reprovado
Aluno_1475;4;4;8;10;7;6.6;Reprovado
Aluno_1476;10;8;17;1;2;7.6;Reprovado
Aluno_1477;12;8;13;0;4;7.4;Reprovado
Aluno_1478;18;9;14;1;5;9.4;Reprovado
Aluno_1479;9;18;5;8;7;9.4;Reprovado
Aluno_1480;9;0;9;1;5;4.8;Reprovado
Aluno_1482;20;3;3;9;3;7.6;Reprovado
Aluno_1483;6;0;17;14;6;8.6;Reprovado
Aluno_1486;1;11;11;8;2;6.6;Reprovado
Aluno_1488;12;14;15;3;0;8.8;Reprovado
Aluno_1489;11;16;10;8;0;9.0;Reprovado
Aluno_1491;1;13;2;3;5;4.8;Reprovado
Aluno_1494;16;17;9;0;3;9.0;Reprovado
Aluno_1495;8;15;5;5;5;7.6;Reprovado
Aluno_1498;1;14;17;3;0;7.0;Reprovado
Aluno_1500;2;7;15;15;8;9.4;Reprovado
Aluno_1502;5;5;12;5;11;7.6;Reprovado
Aluno_1503;18;2;3;10;2;7.0;Reprovado
Aluno_1504;6;12;13;2;10;8.6;Reprovado
Aluno_1506;8;1;19;9;2;7.8;Reprovado
Aluno_1507;1;4;4;0;13;4.4;Reprovado
Aluno_1509;4;5;11;10;3;6.6;Reprovado
Aluno_1510;3;1;1;11;18;6.8;Reprovado
Aluno_1512;3;10;4;7;1;5.0;Reprovado
Aluno_1514;3;11;12;3;2;6.2;Reprovado
Aluno_1515;16;7;8;6;9;9.2;Reprovado
Aluno_1518;9;7;2;3;10;6.2;Reprovado
Aluno_1519;0;7;17;1;20;9.0;Reprovado
Aluno_1526;2;6;3;16;11;7.6;Reprovado
Aluno_1528;11;12;12;3;6;8.8;Reprovado
Aluno_1531;0;20;2;6;17;9.0;Reprovado
Aluno_1533;14;2;1;18;7;8.4;Reprovado
Aluno_1536;10;4;11;17;1;8.6;Reprovado
Aluno_1540;3;7;12;6;7;7.0;Reprovado
Aluno_1542;2;20;4;3;5;6.8;Reprovado
Aluno_1546;14;20;10;1;1;9.2;Reprovado
Aluno_1547;10;11;1;8;10;8.0;Reprovado
Aluno_1549;1;16;6;1;10;6.8;Reprovado
Aluno_1551;13;18;2;4;7;8.8;Reprovado
Aluno_1554;2;1;20;4;14;8.2;Reprovado
Aluno_1555;16;17;5;3;6;9.4;Reprovado
Aluno_1562;5;9;1;9;3;5.4;Reprovado
Aluno_1565;2;4;1;4;1;2.4;Reprovado
Aluno_1567;5;2;20;14;3;8.8;Reprovado
Aluno_1568;14;4;3;18;5;8.8;Reprovado
Aluno_1569;1;7;7;17;2;6.8;Reprovado
Aluno_1570;2;7;19;3;6;7.4;Reprovado
Aluno_1576;15;7;7;9;8;9.2;Reprovado
Aluno_1577;7;9;1;1;5;4.6;Reprovado
Aluno_1582;14;3;7;15;3;8.4;Reprovado
Aluno_1584;17;3;4;18;3;9.0;Reprovado
Aluno_1587;2;1;7;8;15;6.6;Reprovado
Aluno_1590;2;4;18;6;1;6.2;Reprovado
Aluno_1592;13;9;9;2;6;7.8;Reprovado
Aluno_1593;14;7;6;0;10;7.4;Reprovado
Aluno_1594;13;13;8;3;3;8.0;Reprovado
Aluno_1595;6;2;0;17;6;6.2;Reprovado
Aluno_1599;3;0;0;0;1;0.8;Reprovado
Aluno_1600;8;9;14;7;7;9.0;Reprovado
Aluno_1601;5;9;15;0;6;7.0;Reprovado
Aluno_1610;7;7;4;11;9;7.6;Reprovado
Aluno_1615;14;14;0;5;5;7.6;Reprovado
Aluno_1616;5;6;10;16;8;9.0;Reprovado
Aluno_1620;5;7;15;16;4;9.4;Reprovado
Aluno_1622;7;20;6;7;4;8.8;Reprovado
Aluno_1623;10;17;0;12;8;9.4;Reprovado
Aluno_1625;8;15;0;10;6;7.8;Reprovado
Aluno_1627;11;11;5;2;2;6.2;Reprovado
Aluno_1628;13;11;1;0;14;7.8;Reprovado
Aluno_1630;15;18;5;4;0;8.4;Reprovado
Aluno_1632;0;2;17;9;18;9.2;Reprovado
Aluno_1633;9;15;5;4;1;6.8;Reprovado
Aluno_1636;0;6;8;0;14;5.6;Reprovado
Aluno_1637;1;3;7;1;13;5.0;Reprovado
Aluno_1638;0;7;9;6;18;8.0;Reprovado
Aluno_1643;12;4;6;4;19;9.0;Reprovado
Aluno_1645;6;18;2;16;0;8.4;Reprovado
Aluno_1649;13;6;6;18;4;9.4;Reprovado
Aluno_1652;1;5;12;20;7;9.0;Reprovado
Aluno_1655;16;2;9;6;9;8.4;Reprovado
Aluno_1658;2;1;14;14;9;8.0;Reprovado
Aluno_1660;8;5;1;2;19;7.0;Reprovado
Aluno_1664;8;13;1;19;4;9.0;Reprovado
Aluno_1665;17;2;2;14;2;7.4;Reprovado
Aluno_1667;7;2;2;6;1;3.6;Reprovado
Aluno_1676;3;3;8;1;20;7.0;Reprovado
Aluno_1679;8;9;4;4;20;9.0;Reprovado
Aluno_1680;9;17;2;2;15;9.0;Reprovado
Aluno_1684;11;12;0;2;14;7.8;Reprovado
Aluno_1686;12;3;11;19;0;9.0;Reprovado
Aluno_1687;12;0;12;17;0;8.2;Reprovado
Aluno_1689;18;14;1;3;8;8.8;Reprovado
Aluno_1690;13;12;4;0;11;8.0;Reprovado
Aluno_1695;18;13;3;6;5;9.0;Reprovado
Aluno_1696;11;7;10;7;5;8.0;Reprovado
Aluno_1698;5;14;2;11;10;8.4;Reprovado
Aluno_1701;4;4;9;18;2;7.4;Reprovado
Aluno_1702;8;16;8;9;2;8.6;Reprovado
Aluno_1703;2;15;10;6;11;8.8;Reprovado
Aluno_1706;2;16;16;4;5;8.6;Reprovado
Aluno_1708;0;12;1;8;5;5.2;Reprovado
Aluno_1709;6;17;1;6;7;7.4;Reprovado
Aluno_1716;11;15;0;3;16;9.0;Reprovado
Aluno_1721;8;14;5;8;5;8.0;Reprovado
Aluno_1724;1;9;20;1;15;9.2;Reprovado
Aluno_1728;1;0;3;15;8;5.4;Reprovado
Aluno_1730;5;8;16;6;2;7.4;Reprovado
Aluno_1736;2;1;11;9;19;8.4;Reprovado
Aluno_1742;0;12;10;17;1;8.0;Reprovado
Aluno_1743;2;13;4;3;0;4.4;Reprovado
Aluno_1744;7;7;2;4;17;7.4;Reprovado
Aluno_1746;15;11;1;11;7;9.0;Reprovado
Aluno_1747;9;0;0;2;2;2.6;Reprovado
Aluno_1748;11;10;6;7;5;7.8;Reprovado
Aluno_1749;13;7;13;1;12;9.2;Reprovado
Aluno_1753;4;6;1;6;8;5.0;Reprovado
Aluno_1754;5;10;7;9;14;9.0;Reprovado
Aluno_1756;8;0;2;14;15;7.8;Reprovado
Aluno_1757;14;20;1;4;1;8.0;Reprovado
Aluno_1759;6;7;4;0;5;4.4;Reprovado
Aluno_1761;1;17;4;5;7;6.8;Reprovado
Aluno_1766;2;7;5;2;13;5.8;Reprovado
Aluno_1769;0;2;1;12;5;4.0;Reprovado
Aluno_1771;11;10;8;2;0;6.2;Reprovado
Aluno_1772;3;16;2;2;11;6.8;Reprovado
Aluno_1775;10;1;18;6;8;8.6;Reprovado
Aluno_1776;9;7;4;7;1;5.6;Reprovado
Aluno_1784;0;5;4;11;20;8.0;Reprovado
Aluno_1785;4;4;1;20;5;6.8;Reprovado
Aluno_1788;10;3;14;6;6;7.8;Reprovado
Aluno_1790;0;10;20;5;3;7.6;Reprovado
Aluno_1792;10;12;4;13;4;8.6;Reprovado
Aluno_1795;4;8;7;9;5;6.6;Reprovado
Aluno_1799;16;2;17;10;1;9.2;Reprovado
Aluno_1803;5;9;12;10;9;9.0;Reprovado
Aluno_1809;8;7;11;0;14;8.0;Reprovado
Aluno_1810;4;15;8;15;1;8.6;Reprovado
Aluno_1812;0;3;17;5;13;7.6;Reprovado
Aluno_1821;13;1;8;10;10;8.4;Reprovado
Aluno_1823;9;9;17;8;3;9.2;Reprovado
Aluno_1826;17;7;6;11;2;8.6;Reprovado
Aluno_1827;10;9;3;5;3;6.0;Reprovado
Aluno_1830;6;4;2;8;7;5.4;Reprovado
Aluno_1836;19;11;0;5;11;9.2;Reprovado
Aluno_1841;9;1;13;5;4;6.4;Reprovado
Aluno_1845;0;3;6;6;19;6.8;Reprovado
Aluno_1847;5;15;17;0;8;9.0;Reprovado
Aluno_1848;4;0;13;19;3;7.8;Reprovado
Aluno_1849;14;1;0;14;14;8.6;Reprovado
Aluno_1851;1;20;7;2;0;6.0;Reprovado
Aluno_1853;10;16;8;1;0;7.0;Reprovado
Aluno_1854;9;19;0;9;7;8.8;Reprovado
Aluno_1858;7;5;2;7;11;6.4;Reprovado
Aluno_1862;11;14;3;12;1;8.2;Reprovado
Aluno_1866;0;5;10;11;6;6.4;Reprovado
Aluno_1867;0;16;15;12;4;9.4;Reprovado
Aluno_1872;15;3;2;12;9;8.2;Reprovado
Aluno_1878;8;7;20;8;1;8.8;Reprovado
Aluno_1880;8;9;10;3;12;8.4;Reprovado
Aluno_1888;3;4;8;13;8;7.2;Reprovado
Aluno_1891;13;4;2;5;6;6.0;Reprovado
Aluno_1892;3;8;19;6;10;9.2;Reprovado
Aluno_1893;5;15;5;4;7;7.2;Reprovado
Aluno_1895;5;0;0;17;18;8.0;Reprovado
Aluno_1896;1;7;0;11;19;7.6;Reprovado
Aluno_1898;12;10;5;0;6;6.6;Reprovado
Aluno_1899;8;11;12;3;7;8.2;Reprovado
Aluno_1903;0;7;12;2;12;6.6;Reprovado
Aluno_1905;20;6;6;7;7;9.2;Reprovado
Aluno_1909;6;19;13;2;1;8.2;Reprovado
Aluno_1910;14;11;7;4;7;8.6;Reprovado
Aluno_1913;0;4;12;14;17;9.4;Reprovado
Aluno_1915;16;0;17;3;1;7.4;Reprovado
Aluno_1916;2;0;13;7;1;4.6;Reprovado
Aluno_1918;5;9;4;4;15;7.4;Reprovado
Aluno_1923;13;2;9;10;13;9.4;Reprovado
Aluno_1925;1;15;20;7;3;9.2;Reprovado
Aluno_1926;13;7;2;7;17;9.2;Reprovado
Aluno_1927;8;14;10;13;2;9.4;Reprovado
Aluno_1928;2;16;10;12;0;8.0;Reprovado
Aluno_1930;7;12;15;3;6;8.6;Reprovado
Aluno_1932;1;5;3;14;4;5.4;Reprovado
Aluno_1936;4;12;10;8;1;7.0;Reprovado
Aluno_1937;1;5;4;9;2;4.2;Reprovado
Aluno_1943;14;14;1;7;6;8.4;Reprovado
Aluno_1949;11;4;5;6;13;7.8;Reprovado
Aluno_1951;12;1;10;16;3;8.4;Reprovado
Aluno_1953;10;4;7;12;14;9.4;Reprovado
Aluno_1962;3;13;2;16;1;7.0;Reprovado
Aluno_1966;1;14;2;6;3;5.2;Reprovado
Aluno_1968;3;10;6;15;8;8.4;Reprovado
Aluno_1971;19;2;6;0;1;5.6;Reprovado
Aluno_1980;1;7;11;20;4;8.6;Reprovado
Aluno_1983;3;10;4;12;0;5.8;Reprovado
Aluno_1985;6;0;13;8;7;6.8;Reprovado
Aluno_1986;11;2;7;14;7;8.2;Reprovado
Aluno_1987;9;3;8;3;18;8.2;Reprovado
Aluno_1989;12;5;2;11;11;8.2;Reprovado
Aluno_1990;6;13;4;4;6;6.6;Reprovado
Aluno_1993;9;14;0;4;20;9.4;Reprovado
Aluno_1994;3;14;7;8;9;8.2;Reprovado
Aluno_1996;3;7;16;11;9;9.2;Reprovado
Aluno_1999;11;3;1;7;0;4.4;Reprovado
Aluno_2003;12;2;11;0;18;8.6;Reprovado
Aluno_2008;9;6;1;0;7;4.6;Reprovado
Aluno_2010;7;1;16;0;20;8.8;Reprovado
Aluno_2011;15;7;6;8;8;8.8;Reprovado
Aluno_2012;16;6;13;2;7;8.8;Reprovado
Aluno_2018;6;2;5;5;0;3.6;Reprovado
Aluno_2023;9;4;7;18;4;8.4;Reprovado
Aluno_2026;4;1;10;6;2;4.6;Reprovado
Aluno_2029;2;4;11;4;14;7.0;Reprovado
Aluno_2037;14;14;9;4;1;8.4;Reprovado
Aluno_2038;2;7;2;12;2;5.0;Reprovado
Aluno_2040;10;4;9;11;10;8.8;Reprovado
Aluno_2045;1;2;9;9;19;8.0;Reprovado
Aluno_2049;17;16;3;3;4;8.6;Reprovado
Aluno_2050;2;3;3;20;7;7.0;Reprovado
Aluno_2051;9;3;4;20;10;9.2;Reprovado
Aluno_2052;6;16;0;7;0;5.8;Reprovado
Aluno_2055;10;4;7;20;0;8.2;Reprovado
Aluno_2056;6;5;6;2;6;5.0;Reprovado
Aluno_2058;18;0;4;10;4;7.2;Reprovado
Aluno_2059;3;19;1;8;16;9.4;Reprovado
Aluno_2061;9;10;7;9;5;8.0;Reprovado
Aluno_2064;13;2;13;3;9;8.0;Reprovado
Aluno_2067;4;13;5;1;1;4.8;Reprovado
Aluno_2068;0;0;3;11;11;5.0;Reprovado
Aluno_2069;3;17;9;0;18;9.4;Reprovado
Aluno_2071;8;8;11;4;15;9.2;Reprovado
Aluno_2072;7;8;15;5;5;8.0;Reprovado
Aluno_2073;0;9;6;10;2;5.4;Reprovado
Aluno_2074;5;18;5;7;1;7.2;Reprovado
Aluno_2076;6;4;2;3;4;3.8;Reprovado
Aluno_2077;3;14;11;5;10;8.6;Reprovado
Aluno_2079;16;1;9;19;2;9.4;Reprovado
Aluno_2085;5;9;2;14;7;7.4;Reprovado
Aluno_2088;2;13;13;16;1;9.0;Reprovado
Aluno_2089;11;2;1;20;3;7.4;Reprovado
Aluno_2092;1;1;8;9;3;4.4;Reprovado
Aluno_2094;1;2;18;15;8;8.8;Reprovado
Aluno_2097;2;20;15;3;3;8.6;Reprovado
Aluno_2115;2;11;0;8;14;7.0;Reprovado
Aluno_2119;7;15;2;2;20;9.2;Reprovado
Aluno_2123;11;3;10;10;1;7.0;Reprovado
Aluno_2125;20;1;1;17;0;7.8;Reprovado
Aluno_2127;5;7;5;4;18;7.8;Reprovado
Aluno_2128;17;6;10;8;4;9.0;Reprovado
Aluno_2131;0;7;1;18;6;6.4;Reprovado
Aluno_2132;20;11;8;2;6;9.4;Reprovado
Aluno_2134;11;10;1;3;17;8.4;Reprovado
Aluno_2135;5;16;0;16;1;7.6;Reprovado
Aluno_2137;1;3;1;1;13;3.8;Reprovado
Aluno_2139;3;7;7;8;8;6.6;Reprovado
Aluno_2140;0;4;4;4;13;5.0;Reprovado
Aluno_2143;1;14;5;2;7;5.8;Reprovado
Aluno_2145;20;4;7;2;10;8.6;Reprovado
Aluno_2146;1;15;12;5;4;7.4;Reprovado
Aluno_2148;0;9;0;12;3;4.8;Reprovado
Aluno_2151;19;19;0;4;1;8.6;Reprovado
Aluno_2152;3;4;7;0;16;6.0;Reprovado
Aluno_2153;17;2;4;8;11;8.4;Reprovado
Aluno_2155;2;3;7;0;9;4.2;Reprovado
Aluno_2166;17;5;2;8;6;7.6;Reprovado
Aluno_2168;2;1;1;20;1;5.0;Reprovado
Aluno_2170;13;17;10;0;4;8.8;Reprovado
Aluno_2171;5;4;15;1;20;9.0;Reprovado
Aluno_2172;2;3;7;18;2;6.4;Reprovado
Aluno_2175;19;1;2;5;11;7.6;Reprovado
Aluno_2180;2;19;4;0;12;7.4;Reprovado
Aluno_2182;1;3;1;2;17;4.8;Reprovado
Aluno_2183;2;8;14;18;2;8.8;Reprovado
Aluno_2188;9;5;13;7;2;7.2;Reprovado
Aluno_2192;13;19;0;0;3;7.0;Reprovado
Aluno_2193;0;8;16;5;0;5.8;Reprovado
Aluno_2194;13;3;12;12;1;8.2;Reprovado
Aluno_2197;19;4;4;10;1;7.6;Reprovado
Aluno_2201;5;3;12;14;0;6.8;Reprovado
Aluno_2202;12;11;0;10;8;8.2;Reprovado
Aluno_2207;1;9;9;12;6;7.4;Reprovado
Aluno_2208;3;6;8;8;18;8.6;Reprovado
Aluno_2210;3;18;8;1;8;7.6;Reprovado
Aluno_2211;12;9;2;4;9;7.2;Reprovado
Aluno_2214;13;18;9;0;3;8.6;Reprovado
Aluno_2218;10;9;3;11;8;8.2;Reprovado
Aluno_2219;1;1;6;18;11;7.4;Reprovado
Aluno_2222;4;15;6;13;4;8.4;Reprovado
Aluno_2224;1;13;0;1;10;5.0;Reprovado
Aluno_2225;9;6;3;3;12;6.6;Reprovado
Aluno_2227;10;10;2;15;7;8.8;Reprovado
Aluno_2230;8;20;5;1;11;9.0;Reprovado
Aluno_2231;18;3;10;2;11;8.8;Reprovado
Aluno_2238;6;10;6;7;14;8.6;Reprovado
Aluno_2240;15;14;6;9;1;9.0;Reprovado
Aluno_2241;0;20;6;2;17;9.0;Reprovado
Aluno_2242;3;9;9;5;11;7.4;Reprovado
Aluno_2244;6;1;7;17;12;8.6;Reprovado
Aluno_2247;4;11;1;9;17;8.4;Reprovado
Aluno_2250;19;7;3;1;0;6.0;Reprovado
Aluno_2251;3;17;11;2;5;7.6;Reprovado
Aluno_2252;5;10;16;6;2;7.8;Reprovado
Aluno_2257;2;2;7;18;7;7.2;Reprovado
Aluno_2258;6;9;14;4;7;8.0;Reprovado
Aluno_2260;6;1;19;12;1;7.8;Reprovado
Aluno_2262;4;15;11;10;5;9.0;Reprovado
Aluno_2263;1;1;4;10;15;6.2;Reprovado
Aluno_2265;5;5;7;14;3;6.8;Reprovado
Aluno_2269;6;0;20;3;13;8.4;Reprovado
Aluno_2270;4;12;12;4;8;8.0;Reprovado
Aluno_2271;0;8;4;6;10;5.6;Reprovado
Aluno_2279;4;10;14;1;2;6.2;Reprovado
Aluno_2282;16;1;5;2;10;6.8;Reprovado
Aluno_2283;2;1;2;6;19;6.0;Reprovado
Aluno_2288;20;8;7;2;9;9.2;Reprovado
Aluno_2290;1;1;19;8;13;8.4;Reprovado
Aluno_2291;19;15;0;9;1;8.8;Reprovado
Aluno_2293;17;6;16;0;1;8.0;Reprovado
Aluno_2294;7;1;9;11;17;9.0;Reprovado
Aluno_2295;2;0;11;4;12;5.8;Reprovado
Aluno_2299;9;13;7;7;1;7.4;Reprovado
Aluno_2300;20;1;9;4;10;8.8;Reprovado
Aluno_2308;0;13;7;18;3;8.2;Reprovado
Aluno_2309;1;13;5;7;13;7.8;Reprovado
Aluno_2311;0;17;20;0;3;8.0;Reprovado
Aluno_2313;17;1;3;4;3;5.6;Reprovado
Aluno_2315;20;5;11;3;8;9.4;Reprovado
Aluno_2318;7;3;8;1;7;5.2;Reprovado
Aluno_2319;7;13;6;11;3;8.0;Reprovado
Aluno_2320;16;15;9;0;4;8.8;Reprovado
Aluno_2322;16;0;11;11;4;8.4;Reprovado
Aluno_2327;0;5;11;10;3;5.8;Reprovado
Aluno_2328;4;2;10;12;8;7.2;Reprovado
Aluno_2330;12;15;2;9;7;9.0;Reprovado
Aluno_2331;7;4;1;7;14;6.6;Reprovado
Aluno_2333;0;20;4;7;14;9.0;Reprovado
Aluno_2336;2;13;7;13;6;8.2;Reprovado
Aluno_2337;16;6;19;1;5;9.4;Reprovado
Aluno_2346;14;13;15;1;2;9.0;Reprovado
Aluno_2352;4;11;6;4;14;7.8;Reprovado
Aluno_2353;4;1;4;2;6;3.4;Reprovado
Aluno_2358;15;13;0;4;12;8.8;Reprovado
Aluno_2361;7;0;17;9;3;7.2;Reprovado
Aluno_2363;1;2;16;3;16;7.6;Reprovado
Aluno_2366;2;13;2;6;20;8.6;Reprovado
Aluno_2367;16;7;5;14;1;8.6;Reprovado
Aluno_2369;3;19;1;19;0;8.4;Reprovado
Aluno_2371;8;4;11;20;0;8.6;Reprovado
Aluno_2372;8;8;11;0;5;6.4;Reprovado
Aluno_2376;3;4;19;13;0;7.8;Reprovado
Aluno_2383;1;14;10;5;13;8.6;Reprovado
Aluno_2386;14;2;8;4;11;7.8;Reprovado
Aluno_2388;7;13;1;13;9;8.6;Reprovado
Aluno_2390;8;0;4;13;8;6.6;Reprovado
Aluno_2402;2;2;18;2;0;4.8;Reprovado
Aluno_2403;6;2;14;20;4;9.2;Reprovado
Aluno_2404;16;4;5;2;17;8.8;Reprovado
Aluno_2412;7;3;6;1;16;6.6;Reprovado
Aluno_2416;6;12;12;0;14;8.8;Reprovado
Aluno_2424;14;10;4;13;1;8.4;Reprovado
Aluno_2430;12;15;0;7;1;7.0;Reprovado
Aluno_2431;10;18;6;1;1;7.2;Reprovado
Aluno_2433;0;12;8;12;14;9.2;Reprovado
Aluno_2434;2;8;11;6;19;9.2;Reprovado
Aluno_2436;6;18;3;6;3;7.2;Reprovado
Aluno_2440;14;11;9;0;12;9.2;Reprovado
Aluno_2441;7;14;4;0;11;7.2;Reprovado
Aluno_2442;9;13;6;11;2;8.2;Reprovado
Aluno_2446;11;5;1;3;8;5.6;Reprovado
Aluno_2447;4;1;6;6;12;5.8;Reprovado
Aluno_2448;2;10;10;15;3;8.0;Reprovado
Aluno_2450;3;5;1;6;7;4.4;Reprovado
Aluno_2451;7;13;6;5;2;6.6;Reprovado
Aluno_2454;1;16;1;5;7;6.0;Reprovado
Aluno_2456;9;0;3;15;12;7.8;Reprovado
Aluno_2458;13;7;1;12;8;8.2;Reprovado
Aluno_2459;6;7;15;5;11;8.8;Reprovado
Aluno_2460;1;19;6;0;13;7.8;Reprovado
Aluno_2467;9;5;6;6;13;7.8;Reprovado
Aluno_2476;15;15;6;1;5;8.4;Reprovado
Aluno_2477;18;12;6;3;2;8.2;Reprovado
Aluno_2479;18;3;5;3;2;6.2;Reprovado
Aluno_2481;3;16;10;4;2;7.0;Reprovado
Aluno_2483;3;13;1;9;17;8.6;Reprovado
Aluno_2486;2;12;5;9;15;8.6;Reprovado
Aluno_2488;5;10;4;16;0;7.0;Reprovado
Aluno_2491;6;0;0;8;4;3.6;Reprovado
Aluno_2492;20;3;0;11;11;9.0;Reprovado
Aluno_2496;3;16;9;4;15;9.4;Reprovado
Aluno_2499;16;13;0;8;3;8.0;Reprovado
Aluno_2501;3;12;4;7;14;8.0;Reprovado
Aluno_2503;2;13;0;13;18;9.2;Reprovado
Aluno_2507;3;14;8;7;10;8.4;Reprovado
Aluno_2510;18;5;13;2;8;9.2;Reprovado
Aluno_2511;18;9;3;12;0;8.4;Reprovado
Aluno_2515;12;16;1;4;0;6.6;Reprovado
Aluno_2516;11;8;4;6;1;6.0;Reprovado
Aluno_2517;5;9;3;10;10;7.4;Reprovado
Aluno_2518;20;9;3;10;2;8.8;Reprovado
Aluno_2519;3;6;5;14;9;7.4;Reprovado
Aluno_2524;16;0;6;16;1;7.8;Reprovado
Aluno_2525;0;0;19;12;9;8.0;Reprovado
Aluno_2526;17;11;0;9;5;8.4;Reprovado
Aluno_2528;16;1;3;0;13;6.6;Reprovado
Aluno_2531;12;3;13;11;1;8.0;Reprovado
Aluno_2532;0;10;15;5;8;7.6;Reprovado
Aluno_2540;5;18;1;6;10;8.0;Reprovado
Aluno_2547;4;15;0;20;4;8.6;Reprovado
Aluno_2548;19;2;4;11;10;9.2;Reprovado
Aluno_2551;2;4;2;3;12;4.6;Reprovado
Aluno_2559;18;3;11;8;2;8.4;Reprovado
Aluno_2562;9;11;7;1;5;6.6;Reprovado
Aluno_2567;4;6;1;7;15;6.6;Reprovado
Aluno_2571;9;5;5;12;11;8.4;Reprovado
Aluno_2572;4;11;3;18;9;9.0;Reprovado
Aluno_2573;3;7;11;11;13;9.0;Reprovado
Aluno_2575;3;4;12;4;9;6.4;Reprovado
Aluno_2577;6;4;5;5;10;6.0;Reprovado
Aluno_2579;2;0;5;16;8;6.2;Reprovado
Aluno_2581;3;4;8;5;13;6.6;Reprovado
Aluno_2583;8;6;7;11;8;8.0;Reprovado
Aluno_2586;19;11;5;6;6;9.4;Reprovado
Aluno_2587;3;0;5;1;7;3.2;Reprovado
Aluno_2588;20;10;2;5;7;8.8;Reprovado
Aluno_2592;2;19;3;7;8;7.8;Reprovado
Aluno_2595;15;11;10;7;3;9.2;Reprovado
Aluno_2596;15;17;11;0;4;9.4;Reprovado
Aluno_2597;9;2;9;1;7;5.6;Reprovado
Aluno_2598;12;6;17;11;0;9.2;Reprovado
Aluno_2599;5;10;6;14;5;8.0;Reprovado
Aluno_2601;8;11;10;2;3;6.8;Reprovado
Aluno_2603;3;4;19;7;10;8.6;Reprovado
Aluno_2604;10;0;0;12;4;5.2;Reprovado
Aluno_2609;3;3;8;0;12;5.2;Reprovado
Aluno_2611;0;1;1;1;0;0.6;Reprovado
Aluno_2612;6;1;5;6;17;7.0;Reprovado
Aluno_2614;14;5;2;4;4;5.8;Reprovado
Aluno_2615;17;9;10;3;5;8.8;Reprovado
Aluno_2629;2;6;17;5;7;7.4;Reprovado
Aluno_2630;4;14;17;10;2;9.4;Reprovado
Aluno_2633;18;2;1;14;5;8.0;Reprovado
Aluno_2636;8;14;1;0;7;6.0;Reprovado
Aluno_2637;0;2;10;8;18;7.6;Reprovado
Aluno_2638;17;5;6;11;5;8.8;Reprovado
Aluno_2640;3;14;9;12;9;9.4;Reprovado
Aluno_2641;9;5;4;6;16;8.0;Reprovado
Aluno_2642;6;12;10;7;0;7.0;Reprovado
Aluno_2643;0;18;0;12;6;7.2;Reprovado
Aluno_2644;16;2;1;10;12;8.2;Reprovado
Aluno_2645;1;7;0;8;2;3.6;Reprovado
Aluno_2651;1;20;3;18;2;8.8;Reprovado
Aluno_2652;5;2;11;11;5;6.8;Reprovado
Aluno_2655;1;15;0;16;8;8.0;Reprovado
Aluno_2656;0;12;0;2;18;6.4;Reprovado
Aluno_2657;9;2;13;0;12;7.2;Reprovado
Aluno_2659;4;8;4;3;10;5.8;Reprovado
Aluno_2664;1;14;1;12;5;6.6;Reprovado
Aluno_2666;15;5;5;7;10;8.4;Reprovado
Aluno_2668;6;8;0;19;8;8.2;Reprovado
Aluno_2672;5;0;2;11;6;4.8;Reprovado
Aluno_2674;2;10;4;14;0;6.0;Reprovado
Aluno_2676;16;13;6;5;4;8.8;Reprovado
Aluno_2683;14;15;13;0;3;9.0;Reprovado
Aluno_2684;7;13;11;5;11;9.4;Reprovado
Aluno_2689;8;14;0;0;6;5.6;Reprovado
Aluno_2690;7;4;9;12;14;9.2;Reprovado
Aluno_2693;2;12;6;5;11;7.2;Reprovado
Aluno_2694;7;10;6;0;6;5.8;Reprovado
Aluno_2696;0;17;8;2;12;7.8;Reprovado
Aluno_2697;9;18;1;9;2;7.8;Reprovado
Aluno_2699;2;8;16;18;2;9.2;Reprovado
Aluno_2700;5;7;0;18;6;7.2;Reprovado
Aluno_2705;18;1;3;1;13;7.2;Reprovado
Aluno_2707;18;2;12;5;5;8.4;Reprovado
Aluno_2708;10;7;3;6;7;6.6;Reprovado
Aluno_2709;11;5;8;15;6;9.0;Reprovado
Aluno_2724;9;14;15;0;8;9.2;Reprovado
Aluno_2725;19;11;0;7;8;9.0;Reprovado
Aluno_2728;1;17;6;1;8;6.6;Reprovado
Aluno_2730;15;10;4;11;1;8.2;Reprovado
Aluno_2731;2;18;16;8;3;9.4;Reprovado
Aluno_2732;12;2;7;2;13;7.2;Reprovado
Aluno_2733;2;6;0;20;3;6.2;Reprovado
Aluno_2734;17;20;1;3;1;8.4;Reprovado
Aluno_2735;10;13;14;1;7;9.0;Reprovado
Aluno_2739;0;8;9;10;19;9.2;Reprovado
Aluno_2740;7;0;3;17;9;7.2;Reprovado
Aluno_2742;15;10;3;7;7;8.4;Reprovado
Aluno_2746;5;0;1;17;4;5.4;Reprovado
Aluno_2750;11;4;8;6;7;7.2;Reprovado
Aluno_2751;10;2;2;14;8;7.2;Reprovado
Aluno_2753;15;2;9;15;2;8.6;Reprovado
Aluno_2754;0;7;0;15;16;7.6;Reprovado
Aluno_2760;3;2;2;11;1;3.8;Reprovado
Aluno_2763;2;7;8;1;4;4.4;Reprovado
Aluno_2764;0;11;6;16;8;8.2;Reprovado
Aluno_2765;3;20;11;4;8;9.2;Reprovado
Aluno_2766;19;7;8;10;1;9.0;Reprovado
Aluno_2767;1;20;5;18;1;9.0;Reprovado
Aluno_2768;4;8;1;6;18;7.4;Reprovado
Aluno_2769;2;0;8;1;2;2.6;Reprovado
Aluno_2773;17;10;5;0;13;9.0;Reprovado
Aluno_2774;5;12;4;12;5;7.6;Reprovado
Aluno_2775;18;10;1;5;2;7.2;Reprovado
Aluno_2778;1;0;3;2;3;1.8;Reprovado
Aluno_2779;14;20;3;0;0;7.4;Reprovado
Aluno_2782;8;11;7;4;7;7.4;Reprovado
Aluno_2789;0;6;15;9;15;9.0;Reprovado
Aluno_2794;8;8;4;3;0;4.6;Reprovado
Aluno_2800;16;12;0;5;0;6.6;Reprovado
Aluno_2801;4;12;6;15;9;9.2;Reprovado
Aluno_2805;2;20;3;0;18;8.6;Reprovado
Aluno_2806;0;16;19;5;7;9.4;Reprovado
Aluno_2808;15;1;8;12;6;8.4;Reprovado
Aluno_2810;1;8;13;11;7;8.0;Reprovado
Aluno_2811;2;5;15;6;9;7.4;Reprovado
Aluno_2813;14;5;1;2;3;5.0;Reprovado
Aluno_2814;6;5;6;15;14;9.2;Reprovado
Aluno_2815;5;12;9;0;10;7.2;Reprovado
Aluno_2818;0;1;12;18;2;6.6;Reprovado
Aluno_2819;7;7;0;7;14;7.0;Reprovado
Aluno_2820;2;2;4;11;5;4.8;Reprovado
Aluno_2822;14;2;14;1;13;8.8;Reprovado
Aluno_2826;2;16;10;0;16;8.8;Reprovado
Aluno_2829;13;2;1;10;15;8.2;Reprovado
Aluno_2830;19;0;12;9;5;9.0;Reprovado
Aluno_2835;6;1;16;3;19;9.0;Reprovado
Aluno_2837;2;1;8;13;13;7.4;Reprovado
Aluno_2843;5;0;4;17;11;7.4;Reprovado
Aluno_2844;1;9;5;15;1;6.2;Reprovado
Aluno_2846;5;0;10;7;16;7.6;Reprovado
Aluno_2850;7;7;1;9;20;8.8;Reprovado
Aluno_2851;2;17;4;17;0;8.0;Reprovado
Aluno_2852;18;1;0;20;3;8.4;Reprovado
Aluno_2853;13;12;3;5;3;7.2;Reprovado
Aluno_2854;19;5;3;2;1;6.0;Reprovado
Aluno_2857;13;8;11;4;11;9.4;Reprovado
Aluno_2858;5;15;9;1;9;7.8;Reprovado
Aluno_2859;15;10;1;1;12;7.8;Reprovado
Aluno_2862;18;9;5;9;2;8.6;Reprovado
Aluno_2864;9;17;1;1;12;8.0;Reprovado
Aluno_2868;12;3;11;3;17;9.2;Reprovado
Aluno_2869;6;7;0;12;8;6.6;Reprovado
Aluno_2871;8;12;7;10;3;8.0;Reprovado
Aluno_2877;20;2;11;1;6;8.0;Reprovado
Aluno_2878;3;19;7;8;8;9.0;Reprovado
Aluno_2879;7;4;9;5;19;8.8;Reprovado
Aluno_2881;8;19;4;13;3;9.4;Reprovado
Aluno_2885;10;1;5;16;0;6.4;Reprovado
Aluno_2887;2;3;20;9;12;9.2;Reprovado
Aluno_2891;3;8;20;0;2;6.6;Reprovado
Aluno_2894;1;15;9;3;2;6.0;Reprovado
Aluno_2895;8;13;1;6;14;8.4;Reprovado
Aluno_2900;15;4;3;4;19;9.0;Reprovado
Aluno_2902;2;12;13;2;1;6.0;Reprovado
Aluno_2903;10;3;3;4;7;5.4;Reprovado
Aluno_2911;4;1;5;0;17;5.4;Reprovado
Aluno_2912;2;6;10;8;16;8.4;Reprovado
Aluno_2913;11;7;15;8;0;8.2;Reprovado
Aluno_2914;0;6;7;16;14;8.6;Reprovado
Aluno_2918;3;4;9;12;4;6.4;Reprovado
Aluno_2921;1;11;14;12;1;7.8;Reprovado
Aluno_2922;0;16;12;0;6;6.8;Reprovado
Aluno_2923;7;12;1;14;2;7.2;Reprovado
Aluno_2924;12;1;1;3;16;6.6;Reprovado
Aluno_2925;14;12;15;3;2;9.2;Reprovado
Aluno_2927;11;9;12;9;6;9.4;Reprovado
Aluno_2928;11;5;2;5;2;5.0;Reprovado
Aluno_2932;8;10;1;2;6;5.4;Reprovado
Aluno_2934;19;4;8;0;4;7.0;Reprovado
Aluno_2938;5;15;7;3;3;6.6;Reprovado
Aluno_2941;3;14;0;13;11;8.2;Reprovado
Aluno_2942;6;11;8;2;1;5.6;Reprovado
Aluno_2943;3;2;9;16;12;8.4;Reprovado
Aluno_2944;11;13;3;20;0;9.4;Reprovado
Aluno_2947;11;5;14;2;8;8.0;Reprovado
Aluno_2949;1;6;13;2;20;8.4;Reprovado
Aluno_2951;0;16;11;4;9;8.0;Reprovado
Aluno_2954;5;7;15;0;15;8.4;Reprovado
Aluno_2956;16;7;1;2;19;9.0;Reprovado
Aluno_2958;5;15;8;10;8;9.2;Reprovado
Aluno_2965;2;6;16;12;6;8.4;Reprovado
Aluno_2966;7;9;7;11;5;7.8;Reprovado
Aluno_2967;13;1;9;9;12;8.8;Reprovado
Aluno_2968;2;3;17;2;16;8.0;Reprovado
Aluno_2970;12;17;7;0;3;7.8;Reprovado
Aluno_2976;13;1;3;11;2;6.0;Reprovado
Aluno_2977;16;2;16;10;1;9.0;Reprovado
Aluno_2986;9;18;2;2;10;8.2;Reprovado
Aluno_2989;8;6;13;7;11;9.0;Reprovado
Aluno_2990;4;8;10;5;18;9.0;Reprovado
Aluno_2992;8;0;7;10;17;8.4;Reprovado
Aluno_2995;18;2;7;15;0;8.4;Reprovado
Aluno_2996;6;2;5;17;16;9.2;Reprovado
Aluno_2998;6;7;11;2;19;9.0;Reprovado
